Molecule ChEMBL ID,Molecule Name,Smiles,Standard Type,Standard Relation,Standard Value,Standard Units
CHEMBL503946,,C[S+]([O-])CC[C@H](NC(=O)[C@@H]1Cc2cccc3c2N1C(=O)[C@@H](NC(=O)/C=C/c1ccc(OP(=O)(O)O)cc1)CC3)C(N)=O,IC50,'=',7600.0,nM
CHEMBL515762,,NC(=O)C1CCN(C(=O)[C@@H]2Cc3cccc4c3N2C(=O)[C@@H](NC(=O)/C=C/c2ccc(OP(=O)(O)O)cc2)CC4)C1,IC50,'=',595.0,nM
CHEMBL196561,,CC(=O)N[C@@H](Cc1ccc(OP(=O)(O)O)cc1)C(=O)N[C@@H](CC(C)C)C(=O)N1CCC[C@H]1C(=O)NCCCC(N)=O,IC50,'=',1780.0,nM
CHEMBL4164056,,COC(=O)C1=CO[C@@H](O[C@@H]2O[C@H](C)[C@@H](O)[C@H](O)[C@H]2O)[C@@H]2[C@H](C)O[C@@H](O[C@H]3[C@H](O)[C@@H](O)[C@H](O[C@@H]4OC=C(C(=O)OC)[C@H]5C[C@H](OC)O[C@@H](C)[C@@H]45)O[C@@H]3CO)C[C@H]12,IC50,'=',79100.0,nM
CHEMBL575484,,CC(C)C[C@H](CCC(N)=O)NC(=O)[C@@H]1[C@@H]2C[C@@H]2CN1C(=O)[C@H](CC(C)C)NC(=O)/C=C/c1ccc(OP(=O)(O)O)cc1,IC50,'=',1630.0,nM
CHEMBL3337613,,Cc1cc(C)c2nc(Nc3nc(=O)cc(-c4ccccc4)[nH]3)nc(C)c2c1,IC50,'=',11200.0,nM
CHEMBL574875,,CC(C)C[C@H](NC(=O)/C=C/c1ccc(OP(=O)(O)O)cc1)C(=O)N1CCC[C@H]1C(=O)NCCCC(=O)NO,IC50,'=',2640.0,nM
CHEMBL573643,,CC(C)C[C@H](NC(=O)/C=C/c1ccc(OP(=O)(O)O)cc1)C(=O)N1CCC[C@H]1C(=O)N[C@@H](CCC(N)=O)COC(N)=O,IC50,'=',615.0,nM
CHEMBL584974,,CC(C)C[C@H](NC(=O)/C=C/c1ccc(OP(=O)(O)O)cc1)C(=O)N1CCC[C@H]1C(=O)N[C@@H](CCC(N)=O)CN1CCOCC1,IC50,'=',1530.0,nM
CHEMBL573980,,CC(C)C[C@H](NC(=O)/C=C/c1ccc(OP(=O)(O)O)cc1)C(=O)N1CCC[C@H]1C(=O)N[C@H](CN)CCC(N)=O,IC50,'=',1240.0,nM
CHEMBL414034,,CC(C)C[C@H](NC(=O)/C=C/c1ccc(OP(=O)(O)O)cc1)C(=O)N1CCC[C@H]1C(=O)N[C@@H](COC(N)=O)C(=O)NCc1ccccc1,IC50,'=',379.0,nM
CHEMBL376795,,CC(C)C[C@H](NC(=O)/C=C/c1ccc(OP(=O)(O)O)cc1)C(=O)N1CCC[C@H]1C(=O)N[C@H](C(=O)NCc1ccccc1)[C@@H](C)OC(N)=O,IC50,'=',850.0,nM
CHEMBL573069,,CC(C)C[C@H](NC(=O)/C=C/c1ccc(OP(=O)(O)O)cc1)C(=O)N1CCC[C@H]1C(=O)N[C@H](C)CNC(N)=O,IC50,'=',1350.0,nM
CHEMBL393817,,CC(C)C[C@H](NC(=O)[C@H](Cc1ccc(OP(=O)(O)O)cc1)NC(=O)c1ccc(C#N)cc1)C(=O)NC1CCCCC1,IC50,'=',58000.0,nM
CHEMBL3190201,,COC(=O)Oc1ccc(/C=N/NC(=O)CSCc2ccccc2Br)cc1OC,IC50,'=',2066.0,nM
CHEMBL1530735,,CCCCOc1ccc(C(=O)Nc2ccncc2)cc1,IC50,'=',2106.0,nM
CHEMBL1472244,,O=S(=O)(c1ccc2c(c1)OCCO2)N1CCC(c2nc3ccccc3s2)CC1,IC50,'=',6728.0,nM
CHEMBL3628036,,CC(C)=CCC/C(C)=C/C(=O)OCC1=C2/C(=C\[C@@]3(C)CC[C@](O)(O3)[C@H](C)C[C@@H]2O)OC1=O,IC50,'=',500.0,nM
CHEMBL573068,,CC(C)C[C@H](NC(=O)/C=C/c1ccc(OP(=O)(O)O)cc1)C(=O)N1CCC[C@H]1C(=O)N[C@H]1CN[C@H](C(N)=O)C1,IC50,'=',3600.0,nM
CHEMBL573049,,CC(C)C[C@H](NC(=O)/C=C/c1ccc(OP(=O)(O)O)cc1)C(=O)N1CCC[C@H]1C(=O)N[C@@H](C)CCC(N)=O,IC50,'=',1180.0,nM
CHEMBL575513,,CC(C)C[C@H](NC(=O)/C=C/c1ccc(OP(=O)(O)O)cc1)C(=O)N1CCC[C@H]1C(=O)N[C@@H](CCC(N)=O)CN(Cc1ccccc1)Cc1ccccc1,IC50,'=',1080.0,nM
CHEMBL1231124,AZD-1480,Cc1cc(Nc2nc(N[C@@H](C)c3ncc(F)cn3)ncc2Cl)[nH]n1,IC50,'=',80.0,nM
CHEMBL1385195,,O=C(Nc1ccccc1O)c1csc2c1CCCC2,IC50,'=',2439.0,nM
CHEMBL392556,,CC(C)C[C@H](NC(=O)[C@H](Cc1ccc(OP(=O)(O)O)cc1)NC(=O)c1ccc(C#N)cc1)C(=O)O,IC50,'=',310000.0,nM
CHEMBL234466,,CC(C)C[C@H](NC(=O)[C@H](Cc1ccc(OP(=O)(O)O)cc1)NC(=O)c1ccc(C#N)cc1)C(=O)NCCCO,IC50,'=',620000.0,nM
CHEMBL371452,,CC(=O)N[C@@H](Cc1ccc(OP(=O)(O)O)cc1)C(=O)N[C@@H](CC(C)C)C(=O)N1CCC[C@H]1C(=O)N[C@@H](CC[S+](C)[O-])C(=O)N[C@H](C(N)=O)[C@@H](C)O,IC50,'=',9870.0,nM
CHEMBL194855,,CC(=O)N[C@@H](Cc1ccc(OP(=O)(O)O)cc1)C(=O)N[C@@H](CC(C)C)C(=O)N1CCC[C@H]1C(=O)N[C@@H](CCC(N)=O)C(=O)NCc1ccccc1,IC50,'=',409.0,nM
CHEMBL382978,,CC(=O)N[C@@H](Cc1ccc(OP(=O)(O)O)cc1)C(=O)N[C@@H](CC(C)C)C(=O)N1CCC[C@H]1C(=O)N[C@@H](CCC(N)=O)C(=O)N[C@H](C(N)=O)[C@@H](C)O,IC50,'=',600.0,nM
CHEMBL1370681,,COC(=O)CCS(=O)(=O)c1nc(-c2ccccc2)cc(C(F)(F)F)n1,IC50,'=',25510.0,nM
CHEMBL371705,,CC(=O)N[C@@H](Cc1ccc(OP(=O)(O)O)cc1)C(=O)N[C@@H](CC(C)C)C(=O)N1CCCC[C@H]1C(=O)N[C@@H](CCC(N)=O)C(=O)N[C@H](C(N)=O)[C@@H](C)O,IC50,'=',1240.0,nM
CHEMBL346370,,CC(=O)N[C@@H](Cc1ccc(OP(=O)(O)O)cc1)C(=O)N[C@@H](C)C(=O)N1CCC[C@@H]1C(=O)N[C@@H](CCC(N)=O)C(=O)N[C@H](C(=O)N[C@H](C(N)=O)C(C)C)[C@@H](C)O,IC50,'=',1600.0,nM
CHEMBL3600744,,COc1ccc(S(=O)(=O)Nc2ccccc2-c2ccc(F)cc2)cc1,IC50,'=',4020.0,nM
CHEMBL187460,CRYPTOTANSHINONE,C[C@H]1COC2=C1C(=O)C(=O)c1c2ccc2c1CCCC2(C)C,IC50,'=',4600.0,nM
CHEMBL3628243,,C/C=C(\C)C(=O)OCC1=C2/C(=C\[C@@]3(C)CC[C@](O)(O3)[C@H](C)C[C@@H]2OC(=O)/C(C)=C/C)OC1=O,IC50,'=',500.0,nM
CHEMBL578430,,CC(C)C[C@H](NC(=O)/C=C/c1ccc(OP(=O)(O)O)cc1)C(=O)N1CCC[C@H]1C(=O)N1CCC[C@H]1CCC(N)=O,IC50,'=',3310.0,nM
CHEMBL574636,,CC(C)C[C@H](NC(=O)/C=C/c1ccc(OP(=O)(O)O)cc1)C(=O)N1CCC[C@H]1C(=O)NCCNC(N)=O,IC50,'=',131.0,nM
CHEMBL436504,,CNC(=O)CC[C@H](NC(=O)[C@@H]1CCCN1C(=O)[C@H](CC(C)C)NC(=O)[C@H](Cc1ccc(OP(=O)(O)O)cc1)NC(C)=O)C(=O)N[C@H](C(N)=O)[C@@H](C)O,IC50,'=',18100.0,nM
CHEMBL372993,,CC(=O)N[C@@H](Cc1ccc(OP(=O)(O)O)cc1)C(=O)N[C@@H](CC(C)C)C(=O)N1CCC[C@H]1C(=O)N[C@@H](CCC(N)=O)C(=O)N1CCCC1,IC50,'=',2110.0,nM
CHEMBL348612,,CC(=O)N[C@@H](Cc1ccc(OP(=O)(O)O)cc1)C(=O)N[C@@H](CC(C)C)C(=O)N[C@@H](CCCN=C(N)N)C(=O)N[C@H](CS)C(=O)N[C@H](CN[C@@H](CO)C(N)=O)CC(=O)O,IC50,'=',80000.0,nM
CHEMBL157727,,CC(=O)N[C@@H](Cc1ccc(OP(=O)(O)O)cc1)C(=O)N[C@@H](CC(C)C)C(=O)N1CCC[C@@H]1C(=O)N[C@H](CCC(N)=O)C(=O)N[C@@H](C(=O)N[C@H](C)C(=O)O)[C@@H](C)O,IC50,'=',400.0,nM
CHEMBL573442,,CC(=O)NC[C@H](CCC(N)=O)NC(=O)[C@@H]1CCCN1C(=O)[C@H](CC(C)C)NC(=O)/C=C/c1ccc(OP(=O)(O)O)cc1,IC50,'=',589.0,nM
CHEMBL4080826,,CCc1ccc(Nc2nc3cc(NC(=O)c4ccccc4)ccc3o2)cc1,IC50,'=',5800.0,nM
CHEMBL160730,,CC(=O)N[C@@H](Cc1ccc(OP(=O)(O)O)cc1)C(=O)N[C@@H](CCC(N)=O)C(=O)N1CCC[C@@H]1C(=O)N[C@@H](CCC(N)=O)C(=O)N[C@@H](C)C(=O)N[C@@H](CCCCN)C(N)=O,IC50,'=',6000.0,nM
CHEMBL438852,,CC(C)C[C@H](NC(=O)[C@H](Cc1ccc(OP(=O)(O)O)cc1)NC(=O)c1ccc(C#N)cc1)C(=O)Nc1ccccc1,IC50,'=',310000.0,nM
CHEMBL1720750,,Cc1sc2ncnc(N3CCC(C(=O)c4ccccc4)CC3)c2c1C,IC50,'=',5212.0,nM
CHEMBL198548,,CC(=O)N[C@@H](Cc1ccc(OP(=O)(O)O)cc1)C(=O)N[C@H](C(=O)N1CCC[C@H]1C(=O)N[C@@H](CCC(N)=O)C(=O)N[C@H](C(N)=O)[C@@H](C)O)C(C)C,IC50,'=',1540.0,nM
CHEMBL442785,,CC(=O)N[C@@H](Cc1ccc(OP(=O)(O)O)cc1)C(=O)N[C@@H](Cc1ccccc1)C(=O)N1CCC[C@H]1C(=O)N[C@@H](CCC(N)=O)C(=O)N[C@H](C(N)=O)[C@@H](C)O,IC50,'=',1890.0,nM
CHEMBL611361,,CC(=O)c1cc2c(o1)C(=O)c1cccc(O)c1C2=O,IC50,'=',2000.0,nM
CHEMBL1319229,,CCc1c(C)c2ccc(OCC(=O)OC(C)C)c(C)c2oc1=O,IC50,'=',6190.0,nM
CHEMBL3196880,,COc1ccc(/C=N/NC(=S)Nc2cccc(C(=O)O)c2)cc1,IC50,'=',4556.0,nM
CHEMBL1419744,,COc1ccc(CC(=O)Nc2cccc(SC)c2)cc1OC,IC50,'=',6367.0,nM
CHEMBL1320353,,Cc1ccc(-n2nnnc2SCn2nnc3ccccc3c2=O)c(C)c1,IC50,'=',5322.0,nM
CHEMBL1605293,,CC(=O)Nc1ccc(-c2csc(Nc3ccc(Cl)cn3)n2)cc1,IC50,'=',6337.0,nM
CHEMBL1520051,,Cc1cccc(C)c1NC(=O)N1CCN(c2nc3ccccc3s2)CC1,IC50,'=',4479.0,nM
CHEMBL222863,OUABAIN,C[C@@H]1O[C@@H](O[C@H]2C[C@@H](O)[C@]3(CO)[C@H]4[C@H](O)C[C@]5(C)[C@@H](C6=CC(=O)OC6)CC[C@]5(O)[C@@H]4CC[C@]3(O)C2)[C@H](O)[C@H](O)[C@H]1O,IC50,'=',1154.0,nM
CHEMBL1463780,,COc1ccc(C)cc1-n1nnnc1SCn1nnc2ccccc2c1=O,IC50,'=',7584.0,nM
CHEMBL1442663,,O=C(Nc1nc(-c2ccc(Cl)s2)cs1)c1ccncc1,IC50,'=',4010.0,nM
CHEMBL1482965,,O=C(Nc1ccncc1)c1ccc2c(c1)C(=O)N(C1CCCCC1)C2=O,IC50,'=',2416.0,nM
CHEMBL1338375,,COc1ccc(-c2nn(C)c(=O)c3ccccc23)cc1NC(=O)COc1ccc(C)cc1,IC50,'=',5060.0,nM
CHEMBL1428891,,O=C(Nc1ccc(N2CCOCC2)nc1)c1ccc(C(F)(F)F)cc1,IC50,'=',3401.0,nM
CHEMBL1309874,,Cc1cc(C)n(Cc2ccc(NC(=O)c3ccc(COc4ccccc4Br)cc3)cc2)n1,IC50,'=',7640.0,nM
CHEMBL1510582,,Cc1ccc(Cl)cc1N1CCN(C(=O)COc2ccc(S(=O)(=O)NC(C)C)cc2)CC1,IC50,'=',7799.0,nM
CHEMBL371871,,CC(=O)N[C@@H](Cc1ccc(OP(=O)(O)O)cc1)C(=O)N[C@@H](CC1CCCCC1)C(=O)N1CCC[C@H]1C(=O)N[C@@H](CCC(N)=O)C(=O)N[C@H](C(N)=O)[C@@H](C)O,IC50,'=',910.0,nM
CHEMBL44,GENISTEIN,O=c1c(-c2ccc(O)cc2)coc2cc(O)cc(O)c12,IC50,'=',24800.0,nM
CHEMBL1081584,LOGANIN,COC(=O)C1=CO[C@@H](O[C@@H]2O[C@H](CO)[C@@H](O)[C@H](O)[C@H]2O)[C@@H]2[C@@H](C)[C@@H](O)C[C@H]12,IC50,'=',14000.0,nM
CHEMBL436319,,CC(=O)N[C@@H](Cc1ccc(OP(=O)(O)O)cc1)C(=O)N[C@@H](CC(C)C)C(=O)N1C[C@H]2C[C@H]2[C@H]1C(=O)N[C@@H](CCC(N)=O)C(=O)N[C@H](C(N)=O)[C@@H](C)O,IC50,'=',265.0,nM
CHEMBL505207,,NC(=O)CC[C@H](NC(=O)[C@@H]1CC[C@H]2CC[C@H](NC(=O)/C=C/c3ccc(OP(=O)(O)O)cc3)C(=O)N21)C(=O)NCc1ccccc1,IC50,'=',45700.0,nM
CHEMBL436479,,CC(=O)N[C@@H](Cc1ccc(OP(=O)(O)O)cc1)C(=O)N[C@@H](CC(C)C)C(=O)N1CCC[C@H]1C(=O)N1CCC(CC(N)=O)C1,IC50,'=',1690.0,nM
CHEMBL234465,,CC(C)CNC(=O)[C@H](CC(C)C)NC(=O)[C@H](Cc1ccc(OP(=O)(O)O)cc1)NC(=O)c1ccc(C#N)cc1,IC50,'=',74000.0,nM
CHEMBL1492655,,O=c1c2c(nc3n1CCCCC3)sc1c(O)cccc12,IC50,'=',7419.0,nM
CHEMBL1366712,,O=C(Nc1cccc(O)c1)c1noc2c1CCc1ccccc1-2,IC50,'=',3554.0,nM
CHEMBL4746874,,O=C(Nc1ncc([N+](=O)[O-])s1)c1cccc(Cl)c1,IC50,'=',3000.0,nM
CHEMBL502473,,CC(=O)N[C@@H](Cc1ccc(OP(=O)(O)O)cc1)C(=O)N[C@@H](CC(C)C)C(=O)N1CCC[C@H]1C(=O)N[C@@H](CCC(N)=O)C(=O)N[C@H](C(=O)N[C@H](C(N)=O)C(C)C)[C@H](C)O,IC50,'=',290.0,nM
CHEMBL4740393,,C=CCn1c(SCC(=O)Nc2ccc(/C(C)=N\O)cc2)nnc1-c1cc(-c2ccc(Cl)cc2)nc2ccccc12,IC50,'=',7900.0,nM
CHEMBL574844,,CC(C)C[C@H](CCC(N)=O)NC(=O)[C@@H]1CCCN1C(=O)[C@H](CC(C)C)NC(=O)/C=C/c1ccc(OP(=O)(O)O)cc1,IC50,'=',4900.0,nM
CHEMBL573903,,CC(C)C[C@H](NC(=O)/C=C/c1ccc(OP(=O)(O)O)cc1)C(=O)N1CCC[C@H]1C(=O)N[C@@H](CCC(N)=O)Cc1ccc(O)cc1,IC50,'=',848.0,nM
CHEMBL584376,,CC(C)C[C@H](NC(=O)/C=C/c1ccc(OP(=O)(O)O)cc1)C(=O)N1CCC[C@H]1C(=O)N[C@H](C)COC(N)=O,IC50,'=',797.0,nM
CHEMBL575497,,CC(C)C[C@H](NC(=O)/C=C/c1ccc(OP(=O)(O)O)cc1)C(=O)N1C[C@H]2C[C@H]2[C@H]1C(=O)N[C@@H](CCC(N)=O)C(=O)NCc1ccccc1,IC50,'=',68.0,nM
CHEMBL1314042,,COc1ccccc1-c1cc(C(F)(F)F)nc(S(=O)(=O)CCCC(=O)N2CCOCC2)n1,IC50,'=',30880.0,nM
CHEMBL3827771,,CC1Sc2nnc(-c3cc(-c4ccc(F)cc4)n[nH]3)n2N=C1c1ccccc1,IC50,'=',3800.0,nM
CHEMBL3828160,,COc1ccc(C2=Nn3c(nnc3-c3cc(-c4ccc(Cl)cc4)n[nH]3)SC2C)cc1,IC50,'=',5720.0,nM
CHEMBL1468211,,O=C1C2C3c4ccccc4C(c4ccccc43)[C@@H]2c2nc3ccccc3n21,IC50,'=',4511.0,nM
CHEMBL1350141,,CCOC(=O)c1oc2ccc(S(=O)(=O)Nc3ccc4c(c3)n(C)c(=O)n4C)cc2c1C,IC50,'=',5038.0,nM
CHEMBL1489401,,O=C(C1CCN(c2nc3ccc(Br)cc3s2)CC1)N1CCC2(CC1)OCCO2,IC50,'=',2793.0,nM
CHEMBL1380192,,CSc1ccc(NC(=O)N2CCN(c3nc4ccccc4s3)CC2)cc1,IC50,'=',5965.0,nM
CHEMBL1459062,,O=C1C2C3c4ccccc4C(c4ccccc43)C2c2nc3ccccc3n21,IC50,'=',3228.0,nM
CHEMBL1596496,,c1ccc(C(Cc2nc(-c3ccncc3)no2)c2ccccc2)cc1,IC50,'=',5051.0,nM
CHEMBL1608301,,Cc1cccc(-c2nc3cc(NC(=O)C4CCCO4)ccc3o2)c1,IC50,'=',6319.0,nM
CHEMBL395165,,CC(=O)N[C@@H](Cc1ccc(OP(=O)(O)O)cc1)C(=O)N[C@@H](CC(C)C)C(=O)N1CCC[C@H]1C(=O)N[C@@H](CCC(N)=O)C(=O)N[C@H](C(=O)N[C@H](C(=O)O)C(C)C)[C@@H](C)O,IC50,'=',9000.0,nM
CHEMBL2062865,,C/C=C(\C)C(=O)O[C@H]1C[C@@H](C)[C@]2(O)CC[C@](C)(/C=C3/OC(=O)C(COC(C)=O)=C31)O2,IC50,'=',2200.0,nM
CHEMBL197719,,CC(=O)N[C@@H](Cc1ccc(OP(=O)(O)O)cc1)C(=O)N[C@@H](CC(C)C)C(=O)N1CCN(CC(=O)N[C@@H](CCC(N)=O)C(=O)N[C@H](C(N)=O)[C@@H](C)O)CC1,IC50,'=',57100.0,nM
CHEMBL366244,,CC(=O)N[C@@H](Cc1ccc(OP(=O)(O)O)cc1)C(=O)N[C@@H](CC(C)C)C(=O)N1CCC[C@H]1C(=O)N1CCCC(C(N)=O)C1,IC50,'=',11800.0,nM
CHEMBL1304647,,Cc1cccc(/C=C(\c2nc3ccccc3[nH]2)S(=O)(=O)c2ccccc2)c1,IC50,'=',20310.0,nM
CHEMBL351757,,CSCC[C@H](NC(=O)[C@H](Cc1ccc(OP(=O)(O)O)cc1)NC(C)=O)C(=O)N1CCC[C@@H]1C(=O)N[C@@H](CCC(N)=O)C(N)=O,IC50,'=',1500.0,nM
CHEMBL4778227,,O=C1CCC(N2C(=O)c3cccc(C#CCCCNC(=O)c4cc5c(o4)C(=O)c4ccccc4C5=O)c3C2=O)C(=O)N1,IC50,'=',4200.0,nM
CHEMBL4755621,,O=C1CCC(N2C(=O)c3cccc(OCCCCNC(=O)c4cc5c(o4)C(=O)c4ccccc4C5=O)c3C2=O)C(=O)N1,IC50,'=',5700.0,nM
CHEMBL4747694,,O=C(COc1cccc2c1C(=O)N(C1CCC(=O)NC1=O)C2=O)NCCCCNC(=O)c1cc2c(o1)C(=O)c1ccccc1C2=O,IC50,'=',10300.0,nM
CHEMBL4789855,,CNC(=O)c1ccc(N(Cc2cnc(C3CCCCC3)cn2)C(=O)[C@H]2CCN2S(=O)(=O)c2c(F)c(F)c(F)c(F)c2F)cc1O,IC50,'=',1900.0,nM
CHEMBL1526413,,Cc1cc(OCC(=O)Nc2ccncc2)ccc1Br,IC50,'=',6701.0,nM
CHEMBL1329661,,COc1ccc2nc3c(cc2c1)c(NC(=O)c1cccs1)nn3CC(C)C,IC50,'=',3748.0,nM
CHEMBL1478316,,O=C(Nc1ccncc1)c1ccc(-c2ccccc2)cc1,IC50,'=',2157.0,nM
CHEMBL1459929,,NNC(=O)c1cccc(COc2ccccc2Br)c1,IC50,'=',3251.0,nM
CHEMBL156448,,CC(=O)N[C@@H](Cc1ccc(OP(=O)(O)O)cc1)C(=O)N[C@H](C(=O)N[C@@H](CC(C)C)C(=O)N[C@@H](CCC(N)=O)C(=O)NCC(=O)N[C@@H](CC(=O)O)C(N)=O)C(C)C,IC50,'=',8000.0,nM
CHEMBL1464371,,Clc1ccc2ncc(-c3nnnn3-c3ccccc3)c(-c3ccccc3)c2c1,IC50,'=',8014.0,nM
CHEMBL1386322,,Cc1ccsc1/C=C1\CCc2ccccc2C1=O,IC50,'=',5036.0,nM
CHEMBL1562110,,Cc1nc2sccn2c1-c1csc(NCc2ccccc2)n1,IC50,'=',4370.0,nM
CHEMBL1587759,,O=C(Oc1ccccc1N1C(=O)C2CCCCC2C1=O)c1ccccc1,IC50,'=',7928.0,nM
CHEMBL1432712,,Cn1c(=O)oc2cc(S(=O)(=O)N3CCCC(C(=O)N4CC=C(c5ccccc5)CC4)C3)ccc21,IC50,'=',5413.0,nM
CHEMBL449511,,NC(=O)CC[C@H](NC(=O)[C@@H]1Cc2cccc3c2N1C(=O)[C@@H](NC(=O)/C=C/c1ccc(OP(=O)(O)O)cc1)CC3)C(N)=O,IC50,'=',233.0,nM
CHEMBL455671,,CS(=O)(=O)CC[C@H](NC(=O)[C@@H]1Cc2cccc3c2N1C(=O)[C@@H](NC(=O)/C=C/c1ccc(OP(=O)(O)O)cc1)CC3)C(N)=O,IC50,'=',7030.0,nM
CHEMBL513887,,NC(=O)[C@@H]1Cc2cccc3c2N1C(=O)[C@@H](NC(=O)/C=C/c1ccc(OP(=O)(O)O)cc1)CC3,IC50,'=',35600.0,nM
CHEMBL382709,,CC(=O)N[C@@H](Cc1ccc(OP(=O)(O)O)cc1)C(=O)N[C@@H](CC(C)C)C(=O)N1CCC[C@H]1C(=O)N[C@@H](CCC(N)=O)C(=O)N(C)C,IC50,'=',1850.0,nM
CHEMBL3337616,,CCOc1ccc2nc(Nc3nc(=O)cc(-c4ccccc4)[nH]3)nc(C)c2c1,IC50,'=',3400.0,nM
CHEMBL3337619,,COc1ccc2nc(Nc3nc(=O)c(Cc4ccccc4)c(C)[nH]3)nc(C)c2c1,IC50,'=',34700.0,nM
CHEMBL3337622,,Cc1cc(=O)nc(Nc2nc(C)c3cc(C)c(C)cc3n2)[nH]1,IC50,'=',24700.0,nM
CHEMBL197580,,CCC(=O)N[C@@H](Cc1ccc(OP(=O)(O)O)cc1)C(=O)N[C@@H](CC(C)C)C(=O)N1CCC[C@H]1C(=O)N[C@@H](CCC(N)=O)C(=O)N[C@H](C(N)=O)[C@@H](C)O,IC50,'=',497.0,nM
CHEMBL371537,,CC[C@H](C)[C@H](NC(=O)[C@H](Cc1ccc(OP(=O)(O)O)cc1)NC(C)=O)C(=O)N1CCC[C@H]1C(=O)N[C@@H](CCC(N)=O)C(=O)N[C@H](C(N)=O)[C@@H](C)O,IC50,'=',1070.0,nM
CHEMBL3133461,,CCCCCCCc1ccc(CN(C(=O)c2cccc(OC)c2)c2ccc(O)c(C(=O)O)c2)cc1,IC50,'=',33300.0,nM
CHEMBL3133458,,CCCCCCCc1ccc(CN(C(=O)c2ccc(Oc3ccccc3)cc2)c2ccc(O)c(C(=O)O)c2)cc1,IC50,'=',12800.0,nM
CHEMBL3133456,,O=C(O)c1cc(N(Cc2ccc(Cl)cc2)C(=O)c2ccc(Oc3ccccc3)cc2)ccc1O,IC50,'=',48000.0,nM
CHEMBL3133481,,Cc1ccc(S(=O)(=O)N(CC(=O)N(Cc2ccc(Cl)cc2)c2ccc(O)c(C(=O)O)c2)Cc2ccccc2)cc1,IC50,'=',50000.0,nM
CHEMBL3133496,,O=C(O)c1cc(N(Cc2ccccc2)C(=O)CN(Cc2ccccc2)S(=O)(=O)c2ccc(-c3ccccc3)cc2)ccc1O,IC50,'=',22200.0,nM
CHEMBL583725,,CC(C)C[C@H](NC(=O)/C=C/c1ccc(OP(=O)(O)O)cc1)C(=O)N1C[C@H]2C[C@H]2[C@H]1C(=O)N[C@@H](CCC(N)=O)[C@@H](C)O,IC50,'=',437.0,nM
CHEMBL2337247,,CCC(Sc1nc2ccc(NC(=O)c3ccc(OC)cc3)cc2s1)C(=O)Nc1ccc(Br)cc1,IC50,'=',3567.0,nM
CHEMBL116438,CURCUMIN,COc1cc(/C=C/C(=O)/C=C(O)/C=C/c2ccc(O)c(OC)c2)ccc1O,IC50,'=',19250.0,nM
CHEMBL508923,,O=C(Cc1ccc2c(c1)OCO2)NCCc1ccc(O)c(O)c1,IC50,'=',357000.0,nM
CHEMBL3828159,,Clc1cccc(C2=Nn3c(nnc3-c3cc(-c4ccccc4)n[nH]3)SC2)c1,IC50,'=',5600.0,nM
CHEMBL3632630,,C=C1C2=C(C(=O)N1OC)[C@H](O)[C@@](C)(O)[C@H](CCCCC)O2,IC50,'=',610000.0,nM
CHEMBL194446,,CC(=O)N[C@@H](Cc1ccc(OP(=O)(O)O)cc1)C(=O)N[C@@H](CC(C)C)C(=O)N1CCC[C@H]1C(=O)NC1CCCC(C(N)=O)C1,IC50,'=',9810.0,nM
CHEMBL2172015,,O=C(Nc1ccc(C2CCCCC2)cc1)c1nc(-c2ccccc2)oc1Cc1ccc(OP(=O)(O)O)cc1,IC50,'=',33000.0,nM
CHEMBL1726793,,OC(c1ccccc1)C1CCN(c2ncnc3sccc23)CC1,IC50,'=',1837.0,nM
CHEMBL3828538,,Clc1cccc(C2=Nn3c(nnc3-c3[nH]nc4c3CCC4)SC2)c1,IC50,'=',21200.0,nM
CHEMBL1209872,,COC(=O)C1=CO[C@@H](O[C@@H]2O[C@H](CO)[C@@H](O)[C@H](O)[C@H]2O)[C@@H]2[C@H](C)O[C@@H](OC)C[C@H]12,IC50,'=',24800.0,nM
CHEMBL456137,SWEROSIDE,C=C[C@H]1[C@H](O[C@@H]2O[C@H](CO)[C@@H](O)[C@H](O)[C@H]2O)OC=C2C(=O)OCC[C@H]21,IC50,'=',89500.0,nM
CHEMBL1209803,MORRONISIDE,COC(=O)C1=CO[C@@H](O[C@@H]2O[C@H](CO)[C@@H](O)[C@H](O)[C@H]2O)[C@@H]2[C@H](C)O[C@@H](O)C[C@H]12,IC50,'=',6900.0,nM
CHEMBL4160655,,COC(=O)C1=CO[C@@H](O[C@@H]2O[C@H](C)[C@@H](O)[C@H](O)[C@H]2O)[C@@H]2[C@H](C)O[C@@H](O[C@@H]3[C@@H](O)[C@H](O[C@@H]4OC=C(C(=O)OC)[C@H]5C[C@@H](OC)O[C@@H](C)[C@@H]45)O[C@H](CO)[C@H]3O)C[C@H]12,IC50,'=',29700.0,nM
CHEMBL4171260,,COC(=O)C1=CO[C@@H](O[C@@H]2O[C@H](CO)[C@@H](O)[C@H](O)[C@H]2O)[C@@H]2[C@H](C)O[C@@H](OC[C@H]3O[C@@H](O[C@@H]4OC=C(C(=O)OC)[C@H]5C[C@@H](OC)O[C@@H](C)[C@@H]45)[C@H](O)[C@@H](O)[C@@H]3O)C[C@H]12,IC50,'=',47000.0,nM
CHEMBL583754,,CC(C)C[C@H](NC(=O)/C=C/c1ccc(OP(=O)(O)O)cc1)C(=O)N1CCC[C@H]1C(=O)N[C@@H](CCCC(N)=O)C(=O)NCc1ccccc1,IC50,'=',1400.0,nM
CHEMBL577143,,CC(C)C[C@H](NC(=O)/C=C/c1ccc(OP(=O)(O)O)cc1)C(=O)N1C[C@H]2C[C@H]2[C@H]1C(=O)NCCCC(N)=O,IC50,'=',303.0,nM
CHEMBL423775,,CC(=O)N[C@@H](Cc1ccc(OP(=O)(O)O)cc1)C(=O)N[C@@H](Cc1ccccc1)C(=O)N[C@@H](CCCCN)C(=O)N[C@@H](CCC(N)=O)C(=O)N[C@@H](CC(N)=O)C(=O)N[C@@H](CS)C(N)=O,IC50,'=',60000.0,nM
CHEMBL1986725,,CC1C(=O)NN=C1C(=O)N/N=C\C(Br)=C\c1ccccc1,IC50,'=',23790.0,nM
CHEMBL425747,,CC(=O)N[C@@H](Cc1ccc(OP(=O)(O)O)cc1)C(=O)N[C@@H](CC(C)C)C(=O)N1CCCC(C(=O)N[C@@H](CCC(N)=O)C(=O)N[C@H](C(N)=O)[C@@H](C)O)C1,IC50,'=',33100.0,nM
CHEMBL3126485,,CN(C)CCCN1C(=O)c2ccc3c4ccc5c6c(ccc(c7ccc(c2c37)C1=O)c64)C(=O)N(CCCN(C)C)C5=O,IC50,'=',4500.0,nM
CHEMBL194516,,CC(=O)N[C@@H](Cc1ccc(OP(=O)(O)O)cc1)C(=O)N[C@@H](CC(C)C)C(=O)N1CCC[C@H]1C(=O)N[C@@H](CCC(N)=O)C(N)=O,IC50,'=',1000.0,nM
CHEMBL425571,,CC(C)C[C@H](NC(=O)[C@H](Cc1ccc(OP(=O)(O)O)cc1)NC(=O)c1ccccc1)C(=O)N1CCC[C@H]1C(=O)N[C@@H](CCC(N)=O)C(=O)N[C@H](C(N)=O)[C@@H](C)O,IC50,'=',814.0,nM
CHEMBL2172018,,CCCCCCNC(=O)c1nc(-c2cccc3ccccc23)oc1Cc1ccc(OP(=O)(O)O)cc1,IC50,'=',58000.0,nM
CHEMBL3696069,,COc1ccc(NC(=O)c2nc(-c3cccc4ccccc34)sc2Cc2ccc(OP(=O)(O)O)cc2)cc1,IC50,'=',125000.0,nM
CHEMBL3628038,,CC(C)=CCCC(C)CC(=O)OCC1=C2/C(=C\[C@@]3(C)CC[C@](O)(O3)[C@H](C)C[C@@H]2O)OC1=O,IC50,'=',500.0,nM
CHEMBL3628244,,C/C=C(\C)C(=O)OCC1=C2/C(=C\[C@@]3(C)CC[C@](OC)(O3)[C@H](C)C[C@@H]2OC(=O)/C(C)=C/C)OC1=O,IC50,'=',500.0,nM
CHEMBL1564640,,c1ccc(C2=Nn3c(nnc3-c3[nH]nc4c3CCC4)SC2)cc1,IC50,'=',21200.0,nM
CHEMBL3827557,,Clc1ccc(C2=Nn3c(nnc3-c3[nH]nc4c3CCCC4)SC2)cc1Cl,IC50,'=',15500.0,nM
CHEMBL4588270,,COc1ccccc1C(=O)Nc1nc(N2CCOCC2)c2nc[nH]c2n1,IC50,'=',15140.0,nM
CHEMBL1241243,,Cc1ccc(C(=O)Nc2ncc([N+](=O)[O-])s2)c(O)c1,IC50,'=',2300.0,nM
CHEMBL4752864,,O=C(Nc1ncc([N+](=O)[O-])s1)c1ccc(Cl)c(Cl)c1,IC50,'=',800.0,nM
CHEMBL4167273,,CCO[C@H]1C[C@@H]2C(C(=O)OC)=CO[C@@H](O[C@@H]3O[C@H](CO)[C@@H](O)[C@H](O)[C@H]3O)[C@@H]2[C@H](C)O1,IC50,'=',67000.0,nM
CHEMBL4174708,,COC(=O)C1=CO[C@@H](O[C@@H]2O[C@H](C)[C@@H](O)[C@H](O)[C@H]2O)[C@@H]2[C@H](C)O[C@@H](O[C@@H]3[C@@H](O)[C@H](O[C@@H]4OC=C(C(=O)OC)[C@H]5C[C@H](OC)O[C@@H](C)[C@@H]45)O[C@H](CO)[C@H]3O)C[C@H]12,IC50,'=',11900.0,nM
CHEMBL508912,,NC(=O)CC[C@H](NC(=O)[C@@H]1Cc2cccc3c2N1C(=O)[C@@H](NC(=O)/C=C/c1ccc(OP(=O)(O)O)cc1)C=C3)C(=O)NCc1ccccc1,IC50,'=',195.0,nM
CHEMBL4845781,,COc1ccc([C@H](C)NC(=O)CSc2nc3ccc(NC(=O)c4ccc(OCC(C)C)c(C)c4OC)cc3s2)cc1,IC50,'=',200.0,nM
CHEMBL4848153,,COc1ccc([C@H](C)NC(=O)CSc2nc3ccc(NC(=O)c4ccc(OCCN5CCCC5)c(C)c4OC)cc3s2)cc1,IC50,'=',1030.0,nM
CHEMBL2431933,,O=C(O)c1ccc(N(Cc2ccc(C3CCCCC3)cc2)C(=O)CN(Cc2c(F)cc(F)c(F)c2F)S(=O)(=O)c2c(F)c(F)c(F)c(F)c2F)cc1O,IC50,'=',17600.0,nM
CHEMBL2431945,,CCOC(=O)c1ccc(CN(CC(=O)N(Cc2ccc(C3CCCCC3)cc2)c2ccc(C(=O)O)c(O)c2)S(=O)(=O)c2ccc(C)cc2)cc1,IC50,'=',7600.0,nM
CHEMBL2431964,,Cc1ccc(S(=O)(=O)N(CC(=O)N(Cc2ccc(C3CCCCC3)cc2)c2ccc(C(=O)O)c(O)c2)Cc2cccc(Cl)c2)cc1,IC50,'=',6000.0,nM
CHEMBL2431963,,Cc1ccc(S(=O)(=O)N(CC(=O)N(Cc2ccc(C3CCCCC3)cc2)c2ccc(C(=O)O)c(O)c2)Cc2ccccc2Cl)cc1,IC50,'=',15800.0,nM
CHEMBL2431990,,Cc1ccc(S(=O)(=O)N(CC(=O)N(Cc2ccc(C3CCCCC3)cc2)c2ccc(C(=O)O)c(O)c2)Cc2ccccc2C)cc1,IC50,'=',8800.0,nM
CHEMBL504218,,NC(=O)CC[C@H](NC(=O)[C@H]1CC[C@H]2CC[C@H](NC(=O)/C=C/c3ccc(OP(=O)(O)O)cc3)C(=O)N21)C(=O)NCc1ccccc1,IC50,'=',59800.0,nM
CHEMBL573904,,CC(C)C[C@H](NC(=O)/C=C/c1ccc(OP(=O)(O)O)cc1)C(=O)N1CCC[C@H]1C(=O)N[C@@H](CCC(N)=O)COCc1ccccc1,IC50,'=',294.0,nM
CHEMBL583963,,CC(C)C[C@H](NC(=O)/C=C/c1ccc(OP(=O)(O)O)cc1)C(=O)N1CCC[C@H]1C(=O)N[C@@H](CCC(N)=O)CN1CCCCC1,IC50,'=',1210.0,nM
CHEMBL1375338,,CS(=O)(=O)c1nc(-c2ccc(F)cc2)cc(C(F)(F)F)n1,IC50,'=',23770.0,nM
CHEMBL4747318,,C=CCn1c(SCC(=O)Nc2ccc(/C(C)=N\O)cc2)nnc1-c1cc(-c2ccccc2)nc2ccccc12,IC50,'=',320.0,nM
CHEMBL1588702,,COc1cc(OC)cc(C(=O)Nc2nnc(N=C(S)Nc3ccccc3)s2)c1,IC50,'=',3913.0,nM
CHEMBL1437930,,O=C(CCN1CCOCC1)N1CCc2c([nH]c3ccccc23)C1c1cccc(Cl)c1,IC50,'=',7413.0,nM
CHEMBL1369090,,O=c1c2ccccc2ncn1Cc1ccco1,IC50,'=',5664.0,nM
CHEMBL128729,,COc1cc(/C=C/C(=O)/C=C/c2ccc(O)c(OC)c2)ccc1O,IC50,'=',6000.0,nM
CHEMBL3581711,,CC(C)/C=C/C[C@](C)(O[C@@H]1O[C@H](CO[C@@H]2O[C@@H](C)[C@H](O)[C@@H](O)[C@H]2O)[C@@H](O)[C@H](O)[C@H]1O)[C@H]1CC[C@]2(C)[C@@H]1[C@H](O)C[C@@H]1[C@@]3(C)C[C@@H](O)[C@H](O[C@@H]4O[C@H](CO)[C@@H](O)[C@H](O)[C@H]4O)C(C)(C)[C@@H]3CC[C@]12C,IC50,'=',17600.0,nM
CHEMBL3696067,,O=C(Nc1ccc(C2CCCCC2)cc1)c1nc(-c2cccc3ccccc23)oc1Cc1ccc(OP(=O)(O)O)cc1,IC50,'=',255000.0,nM
CHEMBL3133460,,CCCCCCCc1ccc(CN(C(=O)c2ccccc2)c2ccc(O)c(C(=O)O)c2)cc1,IC50,'=',32000.0,nM
CHEMBL1502512,,Cc1ccc(-c2csc3ncnc(Sc4nnc(CN5CCCCCC5=O)o4)c23)cc1,IC50,'=',12200.0,nM
CHEMBL1516617,,COc1ccc(CCNc2ncnc3cc(OC)c(OC)cc23)cc1OC,IC50,'=',14570.0,nM
CHEMBL2413471,,COc1cc(/C=C/c2cc(-c3ccc(O)c(OC)c3)[nH]n2)ccc1O,IC50,'=',18200.0,nM
CHEMBL3337623,,Cc1cc2nc(Nc3nc(=O)c(C)c(C)[nH]3)nc(C)c2cc1C,IC50,'=',10400.0,nM
CHEMBL3133459,,O=C(O)c1cc(N(Cc2ccc(C3CCCCC3)cc2)C(=O)c2ccc(Oc3ccccc3)cc2)ccc1O,IC50,'=',15000.0,nM
CHEMBL160849,,CC(=O)N[C@@H](Cc1ccc(CP(=O)(O)O)cc1)C(=O)N[C@@H](CC(C)C)C(=O)N1CCC[C@@H]1C(=O)N[C@@H](CCC(N)=O)C(=O)N[C@H](C(=O)N[C@H](C(N)=O)C(C)C)[C@@H](C)O,IC50,'=',8000.0,nM
CHEMBL4789779,,O=C(NO)c1ccc(N(Cc2ccc(C3CCCCC3)cn2)C(=O)[C@H]2CCN2S(=O)(=O)c2c(F)c(F)c(F)c(F)c2F)cc1O,IC50,'=',340.0,nM
CHEMBL4782959,,O=C([C@H]1CCN1S(=O)(=O)c1c(F)c(F)c(F)c(F)c1F)N(Cc1ccc(C2CCCCC2)cn1)c1ccc2nn[nH]c2c1,IC50,'=',610.0,nM
CHEMBL449547,,NC(=O)CC[C@H](NC(=O)[C@@H]1Cc2cccc3c2N1C(=O)[C@@H](NC(=O)/C=C/c1ccc(OP(=O)(O)O)cc1)CC3)C(=O)NCc1ccccc1,IC50,'=',162.0,nM
CHEMBL504547,,O=C1NC(=O)c2ccc(I)cc2/C1=C/NCc1ccc(-c2ccoc2)c(O)c1,IC50,'=',1700.0,nM
CHEMBL196122,,CC(=O)N[C@@H](Cc1ccc(OP(=O)(O)O)cc1)C(=O)N[C@@H](CC(C)C)C(=O)N1CCC[C@H]1C(=O)N[C@@H](CCS(C)(=O)=O)C(=O)N[C@H](C(N)=O)[C@@H](C)O,IC50,'=',13900.0,nM
CHEMBL2431946,,COC(=O)c1cccc(CN(CC(=O)N(Cc2ccc(C3CCCCC3)cc2)c2ccc(C(=O)O)c(O)c2)S(=O)(=O)c2ccc(C)cc2)c1,IC50,'=',18400.0,nM
CHEMBL2431967,,Cc1ccc(S(=O)(=O)N(CC(=O)N(Cc2ccc(C3CCCCC3)cc2)c2ccc(C(=O)O)c(O)c2)Cc2cccc(OC(F)(F)F)c2)cc1,IC50,'=',8000.0,nM
CHEMBL578635,,CC(C)C[C@H](NC(=O)/C=C/c1ccc(OP(=O)(O)O)cc1)C(=O)N1CCC[C@H]1C(=O)N[C@H](C)CCC(N)=O,IC50,'=',110.0,nM
CHEMBL1687967,,O=C(Nc1nnc(-c2ccc(Cl)cc2)o1)c1cc(-c2ccccc2)nc2ccccc12,IC50,'=',61000.0,nM
CHEMBL1335610,,COc1ccccc1-c1cc(C(F)(F)F)nc(S(=O)(=O)CCCC(=O)Nc2cccnc2Cl)n1,IC50,'=',34580.0,nM
CHEMBL1492648,,CS(=O)(=O)c1nc(-c2ccccc2)cc(C(F)(F)F)n1,IC50,'=',20800.0,nM
CHEMBL3696066,,COc1ccc(NC(=O)c2nc(-c3ccccc3)sc2Cc2ccc(OP(=O)(O)O)cc2)cc1,IC50,'=',28000.0,nM
CHEMBL234817,,CC(C)C[C@H](NC(=O)[C@H](Cc1ccc(OP(=O)(O)O)cc1)NC(=O)c1ccc(C#N)cc1)C(=O)NCc1ccncc1,IC50,'=',123000.0,nM
CHEMBL4780756,,O=C(NO)c1cc(F)c(N(Cc2ccc(C3CCOCC3)cc2)C(=O)[C@H]2CCN2S(=O)(=O)c2c(F)c(F)c(F)c(F)c2F)cc1O,IC50,'=',2110.0,nM
CHEMBL4796258,,CONC(=O)c1ccc(N(Cc2ccc(C3CCCCC3)cn2)C(=O)[C@H]2CCN2S(=O)(=O)c2c(F)c(F)c(F)c(F)c2F)c(F)c1,IC50,'=',1960.0,nM
CHEMBL4778902,,CN(C)C(=O)c1ccc(N(Cc2ccc(C3CCCCC3)cn2)C(=O)[C@H]2CCN2S(=O)(=O)c2c(F)c(F)c(F)c(F)c2F)cc1O,IC50,'=',1720.0,nM
CHEMBL4776822,,O=C([C@H]1CCN1S(=O)(=O)c1c(F)c(F)c(F)c(F)c1F)N(Cc1ccc(C2CCCCC2)cc1)c1ccc2c(=O)[nH]ccc2c1,IC50,'=',1870.0,nM
CHEMBL1301345,,CCCNC(=O)Cn1c2ccccc2c2nc(=O)cc(C)n21,IC50,'=',3325.0,nM
CHEMBL1351615,,O=C(CCc1nnc(Cc2ccc3c(c2)OCO3)o1)NCc1nc2ccccc2s1,IC50,'=',2847.0,nM
CHEMBL2431922,,O=C(O)c1ccc(N(Cc2ccc(C3CCCCC3)cc2)C(=O)CN(Cc2ccc(F)cc2)S(=O)(=O)c2c(F)c(F)c(F)c(F)c2F)cc1O,IC50,'=',17600.0,nM
CHEMBL2431943,,Cc1ccc(S(=O)(=O)N(CC(=O)N(Cc2ccc(C3CCCCC3)cc2)c2ccc(C(=O)O)c(O)c2)Cc2ccc(F)cc2C(F)(F)F)cc1,IC50,'=',11000.0,nM
CHEMBL2431942,,Cc1ccc(S(=O)(=O)N(CC(=O)N(Cc2ccc(C3CCCCC3)cc2)c2ccc(C(=O)O)c(O)c2)Cc2ccc3ccccc3c2)cc1,IC50,'=',5000.0,nM
CHEMBL2431966,,Cc1ccc(S(=O)(=O)N(CC(=O)N(Cc2ccc(C3CCCCC3)cc2)c2ccc(C(=O)O)c(O)c2)Cc2ccccc2OC(F)(F)F)cc1,IC50,'=',7200.0,nM
CHEMBL578233,,CC(C)C[C@H](NC(=O)/C=C/c1ccc(OP(=O)(O)O)cc1)C(=O)N1CCC[C@H]1C(=O)N[C@@H](C)C(N)=O,IC50,'=',7800.0,nM
CHEMBL575920,,CC(C)C[C@H](NC(=O)/C=C/c1ccc(OP(=O)(O)O)cc1)C(=O)N1CCC[C@H]1C(=O)N[C@@H](CCC(N)=O)C(C)C,IC50,'=',1880.0,nM
CHEMBL573902,,CC(C)C[C@H](NC(=O)/C=C/c1ccc(OP(=O)(O)O)cc1)C(=O)N1CCC[C@H]1C(=O)N[C@H](COCc1ccccc1)COC(N)=O,IC50,'=',454.0,nM
CHEMBL583116,,CCCC[C@H](CCC(N)=O)NC(=O)[C@@H]1[C@@H]2C[C@@H]2CN1C(=O)[C@H](CC(C)C)NC(=O)/C=C/c1ccc(OP(=O)(O)O)cc1,IC50,'=',499.0,nM
CHEMBL5280147,,O=S(=O)(Nc1cc(Sc2ccccc2)c(O)c2ccccc12)c1c(F)c(F)c(F)c(F)c1F,IC50,'=',800.0,nM
CHEMBL5271424,,COc1ccc(/C=C/C(=O)c2ccc(NC(=O)CSc3nc(-c4ccc(Cl)cc4)cc(-c4ccc([N+](=O)[O-])cc4)n3)cc2)cc1OC,IC50,'=',113000.0,nM
CHEMBL1545677,,c1ccc(CC2CCN(c3ncnc4sccc34)CC2)cc1,IC50,'=',1853.0,nM
CHEMBL1465899,,COc1ccc(-c2cc(C(F)(F)F)nc(S(=O)(=O)CCCC(=O)Nc3cccnc3Cl)n2)cc1OC,IC50,'=',32600.0,nM
CHEMBL1429929,,CCOC(=O)CCS(=O)(=O)c1nc(-c2ccccc2)cc(C(F)(F)F)n1,IC50,'=',24180.0,nM
CHEMBL1378851,,Cn1nnnc1Sc1ncnc2scc(-c3ccc(F)cc3)c12,IC50,'=',22560.0,nM
CHEMBL1353939,,COc1ccccc1C(=O)NNC(=O)c1ccc(NC(=O)C(C)C)cc1,IC50,'=',1298.0,nM
CHEMBL1611185,,Cc1nc2ccccc2cc1O,IC50,'=',3397.0,nM
CHEMBL1560912,,Cc1nc2c(n1C1CCCCC1)C(=O)c1ccccc1C2=O,IC50,'=',5805.0,nM
CHEMBL4776532,,O=C(NO)c1ccc(N(Cc2ccc(C3CCCCC3)cn2)C(=O)[C@H]2CCN2S(=O)(=O)c2c(F)c(F)c(F)c(F)c2F)c(F)c1,IC50,'=',890.0,nM
CHEMBL5267613,,Cc1ccc(S(=O)(=O)N(C)CC(=O)N(Cc2ccccc2)c2ccc(C(=O)O)c(O)c2)cc1,IC50,'=',292000.0,nM
CHEMBL1829876,,CN(CC(=O)N(Cc1ccc(C2CCCCC2)cc1)c1ccc(C(=O)O)c(O)c1)S(=O)(=O)c1c(F)c(F)c(F)c(F)c1F,IC50,'=',6800.0,nM
CHEMBL5277946,,CC(C)C[C@H](NC(=O)[C@H](Cc1ccc(OP(=O)(O)O)cc1)NC(=O)[C@@H]1CCCN1)C(=O)N[C@@H](CCCCN)C(=O)N[C@H](C(=O)N[C@@H](CCCCN)C(=O)O)[C@@H](C)O,IC50,'=',235000.0,nM
CHEMBL1467246,,COc1ccc(C2c3[nH]c4ccccc4c3CCN2C(=O)c2cc3ncccn3n2)c(F)c1,IC50,'=',5225.0,nM
CHEMBL3581710,,C=C(C)C(=O)CC[C@](C)(O[C@@H]1O[C@H](CO[C@@H]2O[C@H](CO)[C@@H](O)[C@H](O)[C@H]2O)[C@@H](O)[C@H](O)[C@H]1O)[C@H]1CC[C@]2(C)[C@@H]1[C@H](O)C[C@@H]1[C@@]3(C)C[C@@H](O)[C@H](O)C(C)(C)[C@@H]3CC[C@]12C,IC50,'=',270.0,nM
CHEMBL3581713,,CC(C)/C=C/C[C@](C)(O[C@@H]1O[C@H](CO[C@@H]2O[C@@H](C)[C@H](O)[C@@H](O)[C@H]2O)[C@@H](O)[C@H](O)[C@H]1O)[C@H]1CC[C@]2(C)[C@@H]1[C@H](O)C[C@@H]1[C@@]3(C)CC[C@H](O[C@@H]4O[C@H](CO)[C@@H](O)[C@H](O)[C@H]4O[C@@H]4O[C@H](CO)[C@@H](O)[C@H](O)[C@H]4O)C(C)(C)[C@@H]3CC[C@]12C,IC50,'=',4000.0,nM
CHEMBL522887,,CC1=CC(C)(C)N=C(Nc2nc(C)c3cc(C)cc(C)c3n2)N1,IC50,'=',800.0,nM
CHEMBL3337621,,Cc1ccc2c(C)nc(Nc3nc(=O)c(C)c(C)[nH]3)nc2c1,IC50,'=',10500.0,nM
CHEMBL1524075,,NC(=O)CSc1c[nH]c2ccccc12,IC50,'=',14790.0,nM
CHEMBL1588761,,CN(C)C(=O)COC(=O)/C=C/c1ccccc1[N+](=O)[O-],IC50,'=',7746.0,nM
CHEMBL4764228,,O=C([C@H]1CCN1S(=O)(=O)c1c(F)c(F)c(F)c(F)c1F)N(Cc1ccc(C2CCCCC2)cc1)c1ccc2cn[nH]c2c1F,IC50,'=',2960.0,nM
CHEMBL4777307,,O=C(NO)c1ccc(N(Cc2ccc(C3CCOCC3)cc2)C(=O)[C@H]2CCN2S(=O)(=O)c2c(F)c(F)c(F)c(F)c2F)cc1O,IC50,'=',2070.0,nM
CHEMBL1479604,,CCOC(=O)N1CCN(C(=O)/C=C/c2c(C)nn(-c3ccc(F)cc3)c2Cl)CC1,IC50,'=',37140.0,nM
CHEMBL1477419,,CN(C)S(=O)(=O)Oc1cccc(C(=O)Nc2ccc(Cl)cc2)c1,IC50,'=',5227.0,nM
CHEMBL1449103,,Cc1ccc2c(C)nc(Nc3nc(O)cc(CSc4nc5ccccc5[nH]4)n3)nc2c1,IC50,'=',5322.0,nM
CHEMBL1420649,,O=C(Nc1cccc(S(=O)(=O)Nc2ccccc2Cl)c1)c1ccc(Cl)nc1,IC50,'=',5135.0,nM
CHEMBL1490562,,CCOC(=O)Cc1csc(SCC(=O)c2c(N)n(CC(C)C)c(=O)n(C)c2=O)n1,IC50,'=',3700.0,nM
CHEMBL1370479,,Cc1ccccc1OCCCCn1cnc2ccccc21,IC50,'=',5732.0,nM
CHEMBL1541720,,CCOC(=O)c1sc2nc(CC(=O)OC)nc(NCc3ccc(Cl)cc3)c2c1C,IC50,'=',7656.0,nM
CHEMBL1598614,,CCOc1ncccc1C(=O)OCC(=O)Nc1ccc(-c2nc3ccc(C)cc3s2)cc1,IC50,'=',3253.0,nM
CHEMBL1337186,,O=C(Nc1cccc(O)c1)C(=O)Nc1ccccn1,IC50,'=',3700.0,nM
CHEMBL1455974,,COc1ccc(NS(=O)(=O)c2ccc(NC(=O)c3ccc(N(C)S(C)(=O)=O)cc3)cc2)cc1,IC50,'=',3992.0,nM
CHEMBL574654,,CC(C)C[C@H](NC(=O)/C=C/c1ccc(OP(=O)(O)O)cc1)C(=O)N1CCC[C@H]1C(N)=O,IC50,'=',11400.0,nM
CHEMBL1603850,,Cc1cc(C)c2nc(Nc3nc(C)cc(O)n3)nc(C)c2c1,IC50,'=',5000.0,nM
CHEMBL1360680,,COC(=O)NNC(=O)c1ccccc1OC,IC50,'=',6032.0,nM
CHEMBL1322173,,COc1ccc(CN2CCN(S(=O)(=O)c3ccc(C)cc3)CC2)cc1Br,IC50,'=',6131.0,nM
CHEMBL1482737,,CCC(=O)NCCSc1c[nH]c2ccccc12,IC50,'=',16970.0,nM
CHEMBL1545160,,O=C(c1ccco1)N1CCN(c2ncnc3c2[nH]c2ccc(Br)cc23)CC1,IC50,'=',25630.0,nM
CHEMBL485921,,CC(C)C[C@H](NC(=O)c1cc2cc(OP(=O)(O)O)ccc2[nH]1)C(=O)N1CCC[C@H]1C(=O)N[C@@H](CCC(N)=O)C(=O)N[C@H](C(N)=O)[C@@H](C)O,IC50,'=',186.0,nM
CHEMBL504633,,CC(=O)N[C@@H](Cc1ccc(OP(=O)(O)O)cc1)C(=O)N[C@@H](CC(C)C)C(=O)N1c2ccccc2C[C@H]1C(=O)N[C@@H](CCC(N)=O)C(=O)N[C@H](C(N)=O)[C@@H](C)O,IC50,'=',4640.0,nM
CHEMBL503765,,CC(=O)N[C@@H](Cc1ccc(OP(=O)(O)O)cc1)C(=O)N[C@H]1CCc2cccc3c2N(C1=O)[C@H](C(=O)N[C@@H](CCC(N)=O)C(=O)N[C@H](C(N)=O)[C@@H](C)O)C3,IC50,'=',231.0,nM
CHEMBL501981,,CC(=O)N[C@@H](Cc1ccc(OP(=O)(O)O)cc1)C(=O)N[C@@H]1CCc2cccc3c2N(C1=O)[C@H](C(=O)N[C@@H](CCC(N)=O)C(=O)N[C@H](C(N)=O)[C@@H](C)O)C3,IC50,'=',1650.0,nM
CHEMBL267246,,CC(C)C[C@H](NC(=O)/C=C/c1ccc(OP(=O)(O)O)cc1)C(=O)N1CCC[C@H]1C(=O)N[C@@H](CCC(N)=O)C(=O)NCc1ccccc1,IC50,'=',138.0,nM
CHEMBL475488,,O=C(O)CCCNC(=O)[C@@H]1Cc2cccc3c2N1C(=O)[C@@H](NC(=O)/C=C/c1ccc(OP(=O)(O)O)cc1)CC3,IC50,'=',815.0,nM
CHEMBL231705,,CC(=O)N[C@@H](Cc1ccc(OC(C(=O)O)C(=O)O)cc1)C(=O)N[C@@H](CC(C)C)C(=O)N1CCC[C@H]1C(=O)N[C@@H](CCC(N)=O)C(=O)N[C@H](C(=O)N[C@H](C(=O)O)C(C)C)[C@@H](C)O,IC50,'=',108.0,nM
CHEMBL573048,,CC(C)C[C@H](NC(=O)/C=C/c1ccc(OP(=O)(O)O)cc1)C(=O)N1CCC[C@H]1C(=O)NCCCC(N)=O,IC50,'=',574.0,nM
CHEMBL1578386,,COc1ccc(-c2cc(C(F)(F)F)nc(S(=O)(=O)CCCC(=O)Nc3cc(C)on3)n2)cc1OC,IC50,'=',24780.0,nM
CHEMBL503365,,COC(=O)[C@H](CCC(N)=O)NC(=O)[C@@H]1Cc2cccc3c2N1C(=O)[C@@H](NC(=O)/C=C/c1ccc(OP(=O)(O)O)cc1)CC3,IC50,'=',141.0,nM
CHEMBL470227,,CC(C)C[C@H](NC(=O)/C=C/c1ccc(OP(=O)(O)O)cc1)C(=O)N1CCC[C@H]1C(=O)N[C@@H](CCC(N)=O)C(=O)N[C@H](C(N)=O)[C@@H](C)O,IC50,'=',136.0,nM
CHEMBL3337603,,CC1=CC(C)(C)N=C(Nc2nc(C)c3cc(C)ccc3n2)N1,IC50,'=',7900.0,nM
CHEMBL448296,,CC(=O)N[C@@H](Cc1ccc(OP(=O)(O)O)cc1)C(=O)N[C@H]1CC[C@H]2CC[C@@H](C(=O)N[C@@H](CCC(N)=O)C(=O)N[C@H](C(N)=O)[C@@H](C)O)N2C1=O,IC50,'=',3530.0,nM
CHEMBL1687978,,O=C(Nc1nnc(-c2ccco2)o1)c1cc(-c2cccc3ccccc23)nc2ccccc12,IC50,'=',55000.0,nM
CHEMBL502869,,CC(=O)N[C@@H](Cc1ccc(OP(=O)(O)O)cc1)C(=O)N[C@H]1CC[C@@H]2CC[C@H](C(=O)N[C@@H](CCC(N)=O)C(=O)N[C@H](C(N)=O)[C@@H](C)O)N2C1=O,IC50,'=',24700.0,nM
CHEMBL1720343,,O=C(c1ccccc1)C1CCN(c2ncnc3sccc23)CC1,IC50,'=',687.51,nM
CHEMBL510008,,NC(=O)CC[C@H](NC(=O)[C@@H]1Cc2cccc3c2N1C(=O)[C@@H](NC(=O)/C=C/c1ccc(OP(=O)(O)O)cc1)CC3)C(=O)O,IC50,'=',359.0,nM
CHEMBL530664,,Cn1nc(-c2ccc(Cl)cc2)c2cc(C(=O)NCCN3CCOCC3)sc21,IC50,'=',6876.0,nM
CHEMBL1386595,,Cc1cc(-c2ccc(Cl)cc2)c(C#N)c(N)n1,IC50,'=',5903.0,nM
CHEMBL1923234,WP 1066,C[C@H](NC(=O)/C(C#N)=C/c1cccc(Br)n1)c1ccccc1,IC50,'=',1790.0,nM
CHEMBL4759118,,O=C(Nc1ncc([N+](=O)[O-])s1)c1ccc(Cl)cc1,IC50,'=',1500.0,nM
CHEMBL497044,INCENSOLE,C/C1=C\C[C@]2(C(C)C)CC[C@@](C)(O2)[C@@H](O)CC/C(C)=C/CC1,IC50,'=',15840.0,nM
CHEMBL345419,,CSCC[C@H](NC(=O)[C@H](C)NC(=O)[C@H](CCC(N)=O)NC(=O)[C@@H]1CCCN1C(=O)[C@@H](CCCN=C(N)N)NC(=O)[C@@H](Cc1ccc(OP(=O)(O)O)cc1)NC(C)=O)C(N)=O,IC50,'=',1000.0,nM
CHEMBL1081586,,COC(=O)C1=CO[C@@H](O[C@@H]2O[C@H](CO)[C@@H](O)[C@H](O)[C@H]2O)[C@@H]2[C@H](C)[C@@H](O)C[C@H]12,IC50,'=',22900.0,nM
CHEMBL4159173,,COC(=O)C1=CO[C@@H](O[C@@H]2O[C@H](CO[C@@H]3C[C@@H]4C(C(=O)OC)=CO[C@@H](O[C@@H]5O[C@H](CO)[C@@H](O)[C@H](O)[C@H]5O)[C@@H]4[C@H](C)O3)[C@@H](O)[C@H](O)[C@H]2O)[C@@H]2[C@@H](C)[C@@H](O)C[C@H]12,IC50,'=',12200.0,nM
CHEMBL4175770,,COC(=O)C1=CO[C@@H](O[C@@H]2O[C@H](CO)[C@@H](O)[C@H](O)[C@H]2O)[C@@H]2[C@H](C)O[C@H](O[C@H]3[C@H](O[C@@H]4OC=C(C(=O)OC)[C@H]5C[C@@H](OC)O[C@@H](C)[C@@H]45)O[C@H](CO)[C@@H](O)[C@@H]3O)C[C@H]12,IC50,'=',19400.0,nM
CHEMBL4167909,,COC(=O)C1=CO[C@@H](O[C@@H]2O[C@H](CO[C@@H]3C[C@@H]4C(C(=O)OC)=CO[C@@H](O[C@@H]5O[C@H](CO)[C@@H](O)[C@H](O)[C@H]5O)[C@@H]4[C@H](C)O3)[C@@H](O)[C@H](O)[C@H]2O)[C@@H]2[C@H](C)O[C@H](OC)C[C@H]12,IC50,'=',27600.0,nM
CHEMBL2373425,,CC(=O)N[C@@H](Cc1ccc(OP(=O)(O)O)cc1)C(=O)N[C@@H](CCCN=C(N)N)C(=O)N[C@@H](Cc1c[nH]cn1)C(=O)N[C@@H](CCC(N)=O)C(=O)N[C@H](C(=O)N1CCC[C@H]1C(N)=O)C(C)C,IC50,'=',6000.0,nM
CHEMBL3337615,,CCOc1ccc2nc(Nc3nc(=O)c(C)c(C)[nH]3)nc(C)c2c1,IC50,'=',11700.0,nM
CHEMBL3337618,,COc1ccc2nc(Nc3nc(=O)cc(C)[nH]3)nc(C)c2c1,IC50,'=',34900.0,nM
CHEMBL507237,CUCURBITACIN B,CC(=O)OC(C)(C)/C=C/C(=O)[C@](C)(O)[C@H]1[C@H](O)C[C@@]2(C)[C@@H]3CC=C4[C@H](C[C@H](O)C(=O)C4(C)C)[C@]3(C)C(=O)C[C@]12C,IC50,'=',3000.0,nM
CHEMBL1729867,,O=C(c1ccc(F)cc1)C1CCN(c2ncnc3sccc23)CC1,IC50,'=',1683.0,nM
CHEMBL2431928,,O=C(O)c1ccc(N(Cc2ccc(C3CCCCC3)cc2)C(=O)CN(Cc2ccc(OC(F)(F)F)cc2)S(=O)(=O)c2c(F)c(F)c(F)c(F)c2F)cc1O,IC50,'=',21600.0,nM
CHEMBL2431925,,O=C(O)c1ccc(N(Cc2ccc(C3CCCCC3)cc2)C(=O)CN(Cc2ccc(Cl)cc2)S(=O)(=O)c2c(F)c(F)c(F)c(F)c2F)cc1O,IC50,'=',13800.0,nM
CHEMBL2431958,,O=C(O)c1ccc(N(Cc2ccc(C3CCCCC3)cc2)C(=O)CN(Cc2ccccc2F)S(=O)(=O)c2c(F)c(F)c(F)c(F)c2F)cc1O,IC50,'=',28000.0,nM
CHEMBL2431972,,Cc1ccc(S(=O)(=O)N(CC(=O)N(Cc2ccc(C3CCCCC3)cc2)c2ccc(C(=O)O)c(O)c2)Cc2ccccc2N)cc1,IC50,'=',24000.0,nM
CHEMBL477936,,Cc1ccc(S(=O)(=O)OCC(=O)Nc2ccc(C(=O)O)c(O)c2)cc1,IC50,'=',84000.0,nM
CHEMBL1337170,,O=[N+]([O-])c1ccc2c(c1)S(=O)(=O)C=C2,IC50,'=',5100.0,nM
CHEMBL1448,NICLOSAMIDE,O=C(Nc1ccc([N+](=O)[O-])cc1Cl)c1cc(Cl)ccc1O,IC50,'=',250.0,nM
CHEMBL486267,,C[C@H](NC(=O)[C@@H]1Cc2cccc3c2N1C(=O)[C@@H](NC(=O)/C=C/c1ccc(OP(=O)(O)O)cc1)CC3)C(N)=O,IC50,'=',25060.0,nM
CHEMBL2431938,,COC(=O)c1cccc(CN(CC(=O)N(Cc2ccc(C3CCCCC3)cc2)c2ccc(C(=O)O)c(O)c2)S(=O)(=O)c2c(F)c(F)c(F)c(F)c2F)c1,IC50,'=',30800.0,nM
CHEMBL2431931,,N#Cc1ccc(CN(CC(=O)N(Cc2ccc(C3CCCCC3)cc2)c2ccc(C(=O)O)c(O)c2)S(=O)(=O)c2c(F)c(F)c(F)c(F)c2F)cc1,IC50,'=',9400.0,nM
CHEMBL2431957,,O=C(O)c1ccc(N(Cc2ccc(C3CCCCC3)cc2)C(=O)CN(Cc2ccc(C(F)(F)F)cc2)S(=O)(=O)c2c(F)c(F)c(F)c(F)c2F)cc1O,IC50,'=',22000.0,nM
CHEMBL2431953,,Cc1cccc(CN(CC(=O)N(Cc2ccc(C3CCCCC3)cc2)c2ccc(C(=O)O)c(O)c2)S(=O)(=O)c2c(F)c(F)c(F)c(F)c2F)c1,IC50,'=',14600.0,nM
CHEMBL2431948,,O=C(O)c1ccc(N(Cc2ccc(C3CCCCC3)cc2)C(=O)CNS(=O)(=O)c2c(F)c(F)c(F)c(F)c2F)cc1O,IC50,'=',32400.0,nM
CHEMBL2431974,,Cc1ccc(S(=O)(=O)N(CC(=O)N(Cc2ccc(C3CCCCC3)cc2)c2ccc(C(=O)O)c(O)c2)Cc2ccc(N)cc2)cc1,IC50,'=',20800.0,nM
CHEMBL2431961,,Cc1ccc(S(=O)(=O)N(CC(=O)N(Cc2ccc(C3CCCCC3)cc2)c2ccc(C(=O)O)c(O)c2)Cc2cccc(F)c2)cc1,IC50,'=',9000.0,nM
CHEMBL2023989,,Cc1ccc(S(=O)(=O)N(CC(=O)N(Cc2ccc(C3CCCCC3)cc2)c2ccc(C(=O)O)c(O)c2)C(=O)OC(C)(C)C)cc1,IC50,'=',15800.0,nM
CHEMBL2431984,,Cc1ccc(S(=O)(=O)NCC(=O)N(Cc2ccc(C3CCCCC3)cc2)c2ccc(C(=O)O)c(O)c2)cc1,IC50,'=',95000.0,nM
CHEMBL2172013,,Cc1ccc(S(=O)(=O)OCC(=O)N(Cc2ccc(C3CCCCC3)cc2)c2ccc(C(=O)O)c(O)c2)cc1,IC50,'=',43000.0,nM
CHEMBL1544478,,CCOC(=O)c1ccc(NC(=O)c2ccc(CN3CCOCC3)cc2)cc1,IC50,'=',2901.0,nM
CHEMBL1483201,,O=C(Nc1ccn(Cc2ccccc2F)n1)c1ccc(COc2ccc(Br)cc2)cc1,IC50,'=',2898.0,nM
CHEMBL1404979,,O=C1c2ccc(Br)cc2C(=O)N1c1ccc(Cc2ccncc2)cc1,IC50,'=',5652.0,nM
CHEMBL1548815,,O=C(Oc1cccc(Nc2ncnc3ccccc23)c1)c1ccccc1Cl,IC50,'=',4442.0,nM
CHEMBL1575557,,CN1/C(=C\C(=O)C[n+]2ccc3ccccc3c2)C(C)(C)c2ccccc21.[Cl-],IC50,'=',1740.0,nM
CHEMBL1300956,,CN1/C(=C\C(=O)C[n+]2ccc(C(=O)c3ccccc3)cc2)C(C)(C)c2ccccc21.[Cl-],IC50,'=',5217.0,nM
CHEMBL1459767,,COC(=O)c1nn(-c2ccc3c(c2)CCN3C(C)=O)cc1O,IC50,'=',1288.0,nM
CHEMBL1518163,,O=C(COC(=O)c1[nH]nc2ccccc12)Nc1ccc(S(=O)(=O)N2CCCC2)cc1,IC50,'=',4499.0,nM
CHEMBL1547757,,Nc1cc(-c2ccc(Br)cc2)nn1Cc1ccccc1,IC50,'=',4050.0,nM
CHEMBL3133485,,CCCCCCCc1ccc(CN(C(=O)CN(Cc2ccccc2)S(=O)(=O)c2ccc(-c3ccccc3)cc2)c2ccc(O)c(C(=O)O)c2)cc1,IC50,'=',19000.0,nM
CHEMBL3133466,,COc1ccc(CN(C(=O)CN(C)S(=O)(=O)c2ccc(-c3ccc(Cl)cc3)cc2)c2ccc(O)c(C(=O)O)c2)cc1,IC50,'=',50000.0,nM
CHEMBL3133469,,O=C(O)c1cc(N(Cc2cccc(-c3ccncc3)c2)C(=O)CN(Cc2ccccc2)S(=O)(=O)c2ccc(-c3ccccc3)cc2)ccc1O,IC50,'=',33500.0,nM
CHEMBL3133489,,CN(CC(=O)N(Cc1ccc(Cl)cc1)c1ccc(O)c(C(=O)O)c1)S(=O)(=O)c1ccc(-c2ccccc2)cc1,IC50,'=',61000.0,nM
CHEMBL1096927,LEVOMENOL,CC(C)=CCC[C@](C)(O)[C@@H]1CC=C(C)CC1,IC50,'=',73000.0,nM
CHEMBL2023565,,CC(C)=CCC[C@](C)(O[C@@H]1O[C@H](C)[C@H](O)[C@H](OC(=O)C=C(C)C)[C@H]1O)[C@@H]1CC=C(C)CC1,IC50,'=',110000.0,nM
CHEMBL3581712,,C=C(C)C(=O)CC[C@](C)(O[C@@H]1O[C@H](CO[C@@H]2O[C@@H](C)[C@H](O)[C@@H](O)[C@H]2O)[C@@H](O)[C@H](O)[C@H]1O)[C@H]1CC[C@]2(C)[C@@H]1[C@H](O)C[C@@H]1[C@@]3(C)C[C@@H](O)[C@H](O)C(C)(C)[C@@H]3CC[C@]12C,IC50,'=',590.0,nM
CHEMBL2062868,,C/C=C(\C)C(=O)O[C@H]1C[C@@H](C)[C@]2(OC)CC[C@](C)(/C=C3/OC(=O)C(COC(C)=O)=C31)O2,IC50,'=',3200.0,nM
CHEMBL3696068,,O=C(Nc1ccc(C2CCCCC2)cc1)c1nc(-c2cccc3ccccc23)sc1Cc1ccc(OP(=O)(O)O)cc1,IC50,'=',350000.0,nM
CHEMBL573443,,CC(C)C[C@H](NC(=O)/C=C/c1ccc(OP(=O)(O)O)cc1)C(=O)N1C[C@H]2C[C@H]2[C@H]1C(=O)N[C@@H](CCC(N)=O)[C@@H](C)OCc1ccccc1,IC50,'=',69.0,nM
CHEMBL2431962,,Cc1ccc(S(=O)(=O)N(CC(=O)N(Cc2ccc(C3CCCCC3)cc2)c2ccc(C(=O)O)c(O)c2)Cc2ccc(F)cc2)cc1,IC50,'=',7600.0,nM
CHEMBL2431960,,Cc1ccc(S(=O)(=O)N(CC(=O)N(Cc2ccc(C3CCCCC3)cc2)c2ccc(C(=O)O)c(O)c2)Cc2ccccc2F)cc1,IC50,'=',10600.0,nM
CHEMBL197844,,CC(C)C[C@H](NC(=O)[C@H](Cc1ccc(OP(=O)(O)O)cc1)NC(=O)CCc1ccccc1)C(=O)N1CCC[C@H]1C(=O)N[C@@H](CCC(N)=O)C(=O)N[C@H](C(N)=O)[C@@H](C)O,IC50,'=',276.0,nM
CHEMBL583728,,CC(C)C[C@H](NC(=O)/C=C/c1ccc(OP(=O)(O)O)cc1)C(=O)N1C[C@H]2C[C@H]2[C@H]1C(=O)NCCOCc1ccccc1,IC50,'=',69.0,nM
CHEMBL372758,,CC(=O)N[C@@H](Cc1ccc(OP(=O)(O)O)cc1)C(=O)N[C@@H](CC(C)C)C(=O)N1CC[C@H]1C(=O)N[C@@H](CCC(N)=O)C(=O)N[C@H](C(N)=O)[C@@H](C)O,IC50,'=',1660.0,nM
CHEMBL370547,,CC(=O)N[C@@H](Cc1ccc(OP(=O)(O)O)cc1)C(=O)N[C@@H](CC(C)C)C(=O)NC1(C(=O)N[C@@H](CCC(N)=O)C(=O)N[C@H](C(N)=O)[C@@H](C)O)CCCCC1,IC50,'=',13400.0,nM
CHEMBL193433,,CC(=O)N[C@@H](Cc1ccc(OP(=O)(O)O)cc1)C(=O)N[C@@H](CC(C)C)C(=O)N1CCC[C@H]1C(=O)N[C@@H](CCC(N)=O)C(=O)N[C@H](C)c1ccccc1,IC50,'=',801.0,nM
CHEMBL1700610,,O=C(c1ccc(Cl)cc1)C1CCN(c2ncnc3sccc23)CC1,IC50,'=',837.0,nM
CHEMBL2431941,,Cc1ccc(S(=O)(=O)N(CC(=O)N(Cc2ccc(C3CCCCC3)cc2)c2ccc(C(=O)O)c(O)c2)Cc2c(F)c(F)c(F)c(F)c2F)cc1,IC50,'=',8100.0,nM
CHEMBL2172009,,CCN1C(=O)C(=Cc2ccc(-c3cc(C(=O)O)ccc3Cl)o2)C(=O)N(CC)C1=S,IC50,'=',60000.0,nM
CHEMBL196884,,CC(=O)N[C@@H](Cc1ccc(OP(=O)(O)O)cc1)C(=O)N[C@@H](CC(C)C)C(=O)N1CCC[C@H]1C(=O)N1CCN(CC(N)=O)CC1,IC50,'=',1400.0,nM
CHEMBL1342513,,Clc1ccc(C2=Nn3c(nnc3-c3[nH]nc4c3CCC4)SC2)cc1,IC50,'=',26800.0,nM
CHEMBL3828202,,Clc1ccc(C2=Nn3c(nnc3-c3[nH]nc4c3CCC4)SC2)s1,IC50,'=',11000.0,nM
CHEMBL3827290,,Clc1ccc(-c2cc(-c3nnc4n3N=C(c3ccc(Cl)c(Cl)c3)CS4)[nH]n2)cc1,IC50,'=',14500.0,nM
CHEMBL2431930,,N#Cc1cccc(CN(CC(=O)N(Cc2ccc(C3CCCCC3)cc2)c2ccc(C(=O)O)c(O)c2)S(=O)(=O)c2c(F)c(F)c(F)c(F)c2F)c1,IC50,'=',19800.0,nM
CHEMBL1527817,,Clc1ccc(C2=Nn3c(nnc3-c3[nH]nc4c3CCC4)SC2)cc1Cl,IC50,'=',6800.0,nM
CHEMBL2367507,,CC(C)C[C@H](NC(=O)[C@H](Cc1ccc(O)cc1)NC(=O)[C@H]1CCCN1C(=O)CN)C(=O)N1CCC[C@H]1C(=O)N[C@@H](CCC(N)=O)C(=O)N[C@H](C(=O)N[C@H](C(N)=O)C(C)C)[C@H](C)O,IC50,'=',300.0,nM
CHEMBL382544,,CC(=O)N[C@@H](Cc1ccc(OP(=O)(O)O)cc1)C(=O)N[C@@H](CC(C)C)C(=O)N1CCC[C@H]1C(=O)N[C@@H](CCC(N)=O)C(=O)O,IC50,'=',748.0,nM
CHEMBL577593,,CC(C)C[C@H](NC(=O)/C=C/c1ccc(OP(=O)(O)O)cc1)C(=O)N1CCC[C@H]1C(=O)N[C@@H]1CN[C@H](C(N)=O)C1,IC50,'=',3210.0,nM
CHEMBL576785,,CCCC[C@H](CCC(N)=O)NC(=O)[C@@H]1CCCN1C(=O)[C@H](CC(C)C)NC(=O)/C=C/c1ccc(OP(=O)(O)O)cc1,IC50,'=',1350.0,nM
CHEMBL573905,,CC(C)C[C@H](NC(=O)/C=C/c1ccc(OP(=O)(O)O)cc1)C(=O)N1CCC[C@H]1C(=O)N[C@@H](CCC(N)=O)CN1CCN(C)CC1,IC50,'=',1310.0,nM
CHEMBL1447505,,CCOC(=O)N1CCN(C(=O)c2ccc(CSc3ccc(Cl)cc3)cc2)CC1,IC50,'=',16480.0,nM
CHEMBL1556610,,Cc1nc(N=C(N)Nc2ccccc2)nc2ccccc12,IC50,'=',2109.0,nM
CHEMBL1341945,,Cl.Nc1ccccc1Sc1nc2ccccc2[nH]1,IC50,'=',11860.0,nM
CHEMBL1410782,,COc1ccc(C)cc1NC(=O)c1[nH]c(C)c(C(C)=O)c1C,IC50,'=',10360.0,nM
CHEMBL1580974,,O=C(O)C1CC=CCC1C(=O)Nc1ccc(S(=O)(=O)N2CCCc3ccccc32)cc1,IC50,'=',5674.0,nM
CHEMBL1323798,,COc1ccccc1-c1nnc(SCC(=O)NC2CCCCC2)o1,IC50,'=',1872.0,nM
CHEMBL1430058,,Cn1nc(-c2ccc(Cl)cc2)c2cc(C(=O)NCCCN3CCOCC3)sc21,IC50,'=',27850.0,nM
CHEMBL1392618,,COc1ccc(C2c3[nH]c4ccccc4c3CCN2C(=O)c2ccc(=O)n(C)n2)c(F)c1,IC50,'=',2437.0,nM
CHEMBL576784,,CC(C)C[C@H](NC(=O)/C=C/c1ccc(OP(=O)(O)O)cc1)C(=O)N1C[C@H]2C[C@H]2[C@H]1C(=O)N[C@H](C)CCC(N)=O,IC50,'=',175.0,nM
CHEMBL583727,,CC(C)C[C@H](NC(=O)/C=C/c1ccc(OP(=O)(O)O)cc1)C(=O)N1C[C@H]2C[C@H]2[C@H]1C(=O)N[C@@H](CCC(N)=O)COCc1ccccc1,IC50,'=',94.0,nM
CHEMBL576590,,CC(C)C[C@H](NC(=O)/C=C/c1ccc(OP(=O)(O)O)cc1)C(=O)N1CCC[C@H]1C(=O)NCCOC(N)=O,IC50,'=',360.0,nM
CHEMBL2431979,,Cc1ccc(S(=O)(=O)N(CC(=O)N(Cc2ccc(C3CCCCC3)cc2)c2ccc(C(=O)O)c(O)c2)Cc2cccc(C#N)c2)cc1,IC50,'=',12400.0,nM
CHEMBL2431985,,CCCN(CC(=O)N(Cc1ccc(C2CCCCC2)cc1)c1ccc(C(=O)O)c(O)c1)S(=O)(=O)c1ccc(C)cc1,IC50,'=',17800.0,nM
CHEMBL583758,,CC(C)C[C@H](NC(=O)/C=C/c1ccc(OP(=O)(O)O)cc1)C(=O)N1CCC[C@H]1C(=O)N[C@@H](CCC(N)=O)[C@@H](C)OCc1ccccc1,IC50,'=',272.0,nM
CHEMBL575098,,CC(C)C[C@H](NC(=O)/C=C/c1ccc(OP(=O)(O)O)cc1)C(=O)N1CCC[C@H]1C(=O)NCCCC(=O)NN,IC50,'=',1830.0,nM
CHEMBL2431954,,Cc1ccc(CN(CC(=O)N(Cc2ccc(C3CCCCC3)cc2)c2ccc(C(=O)O)c(O)c2)S(=O)(=O)c2c(F)c(F)c(F)c(F)c2F)cc1,IC50,'=',14400.0,nM
CHEMBL2431973,,Cc1ccc(S(=O)(=O)N(CC(=O)N(Cc2ccc(C3CCCCC3)cc2)c2ccc(C(=O)O)c(O)c2)Cc2cccc(N)c2)cc1,IC50,'=',12400.0,nM
CHEMBL2431971,,Cc1ccc(S(=O)(=O)N(CC(=O)N(Cc2ccc(C3CCCCC3)cc2)c2ccc(C(=O)O)c(O)c2)Cc2ccc([N+](=O)[O-])cc2)cc1,IC50,'=',11000.0,nM
CHEMBL373136,,CC(=O)N[C@@H](Cc1ccc(OP(=O)(O)O)cc1)C(=O)N[C@@H](CC(C)C)C(=O)N1CCC[C@H]1C(=O)Nc1cccc(C(N)=O)c1,IC50,'=',36600.0,nM
CHEMBL2431929,,N#Cc1ccccc1CN(CC(=O)N(Cc1ccc(C2CCCCC2)cc1)c1ccc(C(=O)O)c(O)c1)S(=O)(=O)c1c(F)c(F)c(F)c(F)c1F,IC50,'=',11400.0,nM
CHEMBL2431926,,O=C(O)c1ccc(N(Cc2ccc(C3CCCCC3)cc2)C(=O)CN(Cc2ccccc2OC(F)(F)F)S(=O)(=O)c2c(F)c(F)c(F)c(F)c2F)cc1O,IC50,'=',10200.0,nM
CHEMBL2431952,,Cc1ccccc1CN(CC(=O)N(Cc1ccc(C2CCCCC2)cc1)c1ccc(C(=O)O)c(O)c1)S(=O)(=O)c1c(F)c(F)c(F)c(F)c1F,IC50,'=',11800.0,nM
CHEMBL2431944,,Cc1ccc(S(=O)(=O)N(CC(=O)N(Cc2ccc(C3CCCCC3)cc2)c2ccc(C(=O)O)c(O)c2)Cc2ccc(SC(F)(F)F)cc2)cc1,IC50,'=',9600.0,nM
CHEMBL2431940,,Cc1ccc(S(=O)(=O)N(CC(=O)N(Cc2ccc(C3CCCCC3)cc2)c2ccc(C(=O)O)c(O)c2)Cc2c(F)c(F)cc(F)c2F)cc1,IC50,'=',22800.0,nM
CHEMBL2431980,,Cc1ccc(S(=O)(=O)N(CC(=O)N(Cc2ccc(C3CCCCC3)cc2)c2ccc(C(=O)O)c(O)c2)Cc2ccc(C#N)cc2)cc1,IC50,'=',8600.0,nM
CHEMBL2431970,,Cc1ccc(S(=O)(=O)N(CC(=O)N(Cc2ccc(C3CCCCC3)cc2)c2ccc(C(=O)O)c(O)c2)Cc2cccc([N+](=O)[O-])c2)cc1,IC50,'=',5000.0,nM
CHEMBL2431965,,Cc1ccc(S(=O)(=O)N(CC(=O)N(Cc2ccc(C3CCCCC3)cc2)c2ccc(C(=O)O)c(O)c2)Cc2ccc(Cl)cc2)cc1,IC50,'=',6200.0,nM
CHEMBL1609523,,C=C1NN(c2ccc(C(=O)N3CCC(Cc4ccccc4)CC3)cc2)C(=O)c2ccccc21,IC50,'=',35323.0,nM
CHEMBL3133470,,O=C(O)c1cc(N(Cc2ccc(N3CCOCC3)cc2)C(=O)CN(Cc2ccccc2)S(=O)(=O)c2ccc(-c3ccccc3)cc2)ccc1O,IC50,'=',94700.0,nM
CHEMBL1301223,,Cc1ccccc1C1c2[nH]c3ccccc3c2CCN1C(=O)c1ccc(=O)n(C)n1,IC50,'=',4194.0,nM
CHEMBL1558246,,COC(=O)c1[nH]nc2ccccc12,IC50,'=',3326.0,nM
CHEMBL1304983,,CN1CCN(C(=O)CNc2ccc(C(F)(F)F)cc2[N+](=O)[O-])CC1,IC50,'=',3559.0,nM
CHEMBL3133457,,O=C(O)c1cc(N(Cc2ccc(Br)cc2)C(=O)c2ccc(Oc3ccccc3)cc2)ccc1O,IC50,'=',52000.0,nM
CHEMBL3133476,,O=C(c1ccc(Oc2ccccc2)cc1)N(Cc1ccc(C2CCCCC2)cc1)c1cccc(CP(=O)(O)O)c1,IC50,'=',18900.0,nM
CHEMBL3133495,,Cc1ccc(S(=O)(=O)N(CC(=O)N(Cc2ccccc2)c2ccc(O)c(C(=O)O)c2)Cc2ccccc2)cc1,IC50,'=',201300.0,nM
CHEMBL3133486,,CC(C)Cc1ccc(CN(C(=O)CN(Cc2ccccc2)S(=O)(=O)c2ccc(-c3ccccc3)cc2)c2ccc(O)c(C(=O)O)c2)cc1,IC50,'=',17000.0,nM
CHEMBL3133494,,CN(CC(=O)N(Cc1ccc(Cl)cc1)c1ccc(O)c(C(=O)O)c1)S(=O)(=O)c1ccc(-c2ccc(Cl)cc2)cc1,IC50,'=',43000.0,nM
CHEMBL3133472,,CN(CC(=O)N(Cc1cccc(-c2ccncc2)c1)c1ccc(O)c(C(=O)O)c1)S(=O)(=O)c1ccc(-c2ccccc2)cc1,IC50,'=',35300.0,nM
CHEMBL3133488,,CN(CC(=O)N(Cc1ccccc1)c1ccc(O)c(C(=O)O)c1)S(=O)(=O)c1ccc(-c2ccccc2)cc1,IC50,'=',57000.0,nM
CHEMBL1360505,,O=C(c1ccc(Cl)cc1)N1CCN(c2ccnc3cc(Cl)ccc23)CC1,IC50,'=',22020.0,nM
CHEMBL4798831,,O=C1CCC(N2C(=O)c3cccc(NCCOCCOCCOCCOCCNC(=O)c4cc5c(o4)C(=O)c4ccccc4C5=O)c3C2=O)C(=O)N1,IC50,'=',2700.0,nM
CHEMBL370763,,CC(C)C[C@H](NC(=O)[C@H](Cc1ccc(OP(=O)(O)O)cc1)NC(=O)CCc1ccccc1)C(=O)N1C[C@H]2C[C@H]2[C@H]1C(=O)N[C@@H](CCC(N)=O)C(=O)NCc1ccccc1,IC50,'=',18800.0,nM
CHEMBL372118,,CC(=O)N[C@@H](Cc1ccc(OP(=O)(O)O)cc1)C(=O)N[C@@H](CC(C)C)C(=O)N1CCC[C@@]1(C)C(=O)N[C@@H](CCC(N)=O)C(=O)N[C@H](C(N)=O)[C@@H](C)O,IC50,'=',1870.0,nM
CHEMBL1445964,,NNC(=O)c1cc2c(N3CCC(Cc4ccccc4)CC3)ncnc2s1,IC50,'=',13716.0,nM
CHEMBL4792549,,COc1ccc2nc(-c3ccc(Cl)cc3)cc(-c3nnc(SCC(=O)Nc4ccc(/C(C)=N\O)cc4)n3-c3ccccc3)c2c1,IC50,'=',54000.0,nM
CHEMBL4562766,,COc1cccc(CNc2nc(NC(=O)c3ccccc3OC)nc3[nH]cnc23)c1,IC50,'=',9130.0,nM
CHEMBL4544192,,Cc1cccc(CNc2nc(NC(=O)c3ccccc3)nc3[nH]cnc23)c1,IC50,'=',5070.0,nM
CHEMBL1829786,,Cc1ccc(S(=O)(=O)N(C)CC(=O)N(Cc2ccc(C3CCCCC3)cc2)c2ccc(C(=O)O)c(O)c2)cc1,IC50,'=',35000.0,nM
CHEMBL4850444,,CCCC(C)Oc1ccc(C(=O)Nc2ccc3nc(SCC(=O)N[C@@H](C)c4cccc(O)c4)sc3c2)c(OC)c1C,IC50,'=',150.0,nM
CHEMBL2031566,,O=C(O)CSc1cc(NS(=O)(=O)c2ccc(C(=O)O)cc2)c2ccccc2c1O,IC50,'=',73000.0,nM
CHEMBL2171900,,COC(=O)Cc1c(C)c2ccc(OCc3ccc(C(=O)OC)cc3)c(C)c2oc1=O,IC50,'=',137000.0,nM
CHEMBL2171898,,O=C(O)c1ccc(/C=C/C(=O)c2ccc3c(c2)OCCO3)cc1,IC50,'=',447000.0,nM
CHEMBL3133475,,O=C(c1ccc(Oc2ccccc2)cc1)N(Cc1ccc(C2CCCCC2)cc1)c1ccc(CP(=O)(O)O)cc1,IC50,'=',28400.0,nM
CHEMBL3133473,,O=C(c1ccc(Oc2ccccc2)cc1)N(Cc1ccc(C2CCCCC2)cc1)c1ccc(P(=O)(O)O)cc1,IC50,'=',42000.0,nM
CHEMBL1687965,,O=C(Nc1nnc(-c2ccoc2)o1)c1cc(-c2ccccc2)nc2ccccc12,IC50,'=',72000.0,nM
CHEMBL2431989,,Cc1ccc(S(=O)(=O)N(CC(=O)N(Cc2ccc(C3CCCCC3)cc2)c2ccc(C(=O)O)c(O)c2)Cc2ccccc2)cc1,IC50,'=',14400.0,nM
CHEMBL1652424,,Cc1cc(C)c2nc(Nc3nc(C)c(C)c(O)n3)nc(C)c2c1,IC50,'=',6400.0,nM
CHEMBL2431977,,Cc1ccc(S(=O)(=O)N(CC(=O)N(Cc2ccc(C3CCCCC3)cc2)c2ccc(C(=O)O)c(O)c2)Cc2ccncc2)cc1,IC50,'=',46600.0,nM
CHEMBL3581714,,CC(C)/C=C/C[C@](C)(O[C@@H]1O[C@H](CO[C@@H]2O[C@@H](C)[C@H](O)[C@@H](O)[C@H]2O)[C@@H](O)[C@H](O)[C@H]1O)[C@H]1CC[C@]2(C)[C@@H]1[C@H](O)C[C@@H]1[C@@]3(C)C[C@@H](O)[C@H](O)C(C)(C)[C@@H]3CC[C@]12C,IC50,'=',500.0,nM
CHEMBL2431959,,O=C(O)c1ccc(N(Cc2ccc(C3CCCCC3)cc2)C(=O)CN(Cc2cccc(F)c2)S(=O)(=O)c2c(F)c(F)c(F)c(F)c2F)cc1O,IC50,'=',17800.0,nM
CHEMBL2431978,,Cc1ccc(S(=O)(=O)N(CC(=O)N(Cc2ccc(C3CCCCC3)cc2)c2ccc(C(=O)O)c(O)c2)Cc2ccccc2C#N)cc1,IC50,'=',22600.0,nM
CHEMBL2431950,,CC(C)(C)OC(=O)N(CC(=O)N(Cc1ccc(C2CCCCC2)cc1)c1ccc(C(=O)O)c(O)c1)S(=O)(=O)c1c(F)c(F)c(F)c(F)c1F,IC50,'=',27400.0,nM
CHEMBL1709686,,c1ccc(CC2CCN(c3ncnc4sc5c(c34)CCC5)CC2)cc1,IC50,'=',20026.0,nM
CHEMBL1439622,,COc1ccc2c(C)nc(Nc3nc(C)cc(O)n3)nc2c1,IC50,'=',33900.0,nM
CHEMBL1329658,,O=C(NNC(=O)c1cccc(S(=O)(=O)N2CCc3ccccc32)c1)c1ccccc1,IC50,'=',15890.0,nM
CHEMBL5277311,,COc1ccc(/C=C/C=C/C(=O)/C=C/c2ccc(O)cc2)cc1,IC50,'=',4100.0,nM
CHEMBL1443482,,O=C(c1cccnc1)N1CCc2ccccc21,IC50,'=',8129.0,nM
CHEMBL468082,,CCCC[C@H](NC(=O)[C@H](C)NC(=O)[C@@H]1Cc2cccc3c2N1C(=O)[C@@H](NC(=O)/C=C/c1ccc(OP(=O)(O)O)cc1)CC3)C(N)=O,IC50,'=',19200.0,nM
CHEMBL1562195,,O=C(Nc1nnc(-c2cccs2)o1)c1cc(-c2ccccc2)nc2ccccc12,IC50,'=',75000.0,nM
CHEMBL1328462,,COc1ccc(-c2cc(C(F)(F)F)nc(S(=O)(=O)CCCC(=O)Nc3cccc(O)c3)n2)cc1OC,IC50,'=',30990.0,nM
CHEMBL1504503,,COc1ccc(Cl)cc1-c1nc(-c2ccc(Br)o2)no1,IC50,'=',8513.0,nM
CHEMBL1503154,,COc1ccc(S(=O)(=O)Nc2nc3ccccc3s2)cc1OC,IC50,'=',13850.0,nM
CHEMBL1606613,,COc1ccccc1-c1cc(C(F)(F)F)nc(S(C)(=O)=O)n1,IC50,'=',31790.0,nM
CHEMBL1687977,,O=C(Nc1nnc(-c2ccco2)o1)c1cc(-c2ccco2)nc2ccccc12,IC50,'=',66000.0,nM
CHEMBL1241908,,O=C(N/N=C/c1coc2ccccc2c1=O)c1cccnc1,IC50,'=',180000.0,nM
CHEMBL3133467,,CCCCCCCc1ccc(CN(C(=O)CN(C)S(=O)(=O)c2ccc(-c3ccc(F)cc3)cc2)c2ccc(O)c(C(=O)O)c2)cc1,IC50,'=',23000.0,nM
CHEMBL508900,,C[C@@H](O)[C@H](NC(=O)[C@H](CCC(N)=O)NC(=O)[C@@H]1Cc2cccc3c2N1C(=O)[C@@H](NC(=O)CCc1ccc(OP(=O)(O)O)cc1)CC3)C(N)=O,IC50,'=',3240.0,nM
CHEMBL196664,,CC(=O)N[C@@H](Cc1ccc(OP(=O)(O)O)cc1)C(=O)N[C@@H](CC(C)C)C(=O)N1CCC[C@H]1C(=O)N[C@@H](CCC(N)=O)C(=O)N(C)[C@H](C(N)=O)[C@@H](C)O,IC50,'=',1220.0,nM
CHEMBL452194,,NC(=O)CC[C@H](NC(=O)[C@@H]1Cc2cccc3c2N1C(=O)[C@@H](NC(=O)c1cc2cc(OP(=O)(O)O)ccc2[nH]1)CC3)C(=O)NCc1ccccc1,IC50,'=',190.0,nM
CHEMBL193800,,CCN(CC)C(=O)[C@H](CCC(N)=O)NC(=O)[C@@H]1CCCN1C(=O)[C@H](CC(C)C)NC(=O)[C@H](Cc1ccc(OP(=O)(O)O)cc1)NC(C)=O,IC50,'=',4220.0,nM
CHEMBL4068283,,CCc1ccc(Nc2nc3cc(N)ccc3o2)cc1,IC50,'=',18900.0,nM
CHEMBL583138,,CC(C)C[C@H](NC(=O)/C=C/c1ccc(OP(=O)(O)O)cc1)C(=O)N1CCC[C@H]1C(=O)NCC(=O)NCc1ccccc1,IC50,'=',4940.0,nM
CHEMBL160353,,CC(=O)N[C@@H](Cc1ccc(OP(=O)(O)O)cc1)C(=O)N[C@@H](CC(C)C)C(=O)N1CCC[C@H]1C(=O)N[C@H](CCC(N)=O)C(=O)N[C@@H](C(N)=O)[C@H](C)O,IC50,'=',600.0,nM
CHEMBL1448413,,O=C(CCCSc1nc2ccccc2s1)NCc1ccco1,IC50,'=',10680.0,nM
CHEMBL412549,,COc1cccc(NC(=O)[C@H](CC(C)C)NC(=O)[C@H](Cc2ccc(OP(=O)(O)O)cc2)NC(=O)c2ccc(C#N)cc2)c1,IC50,'=',31000.0,nM
CHEMBL197513,,CCCC[C@H](NC(=O)[C@H](Cc1ccc(OP(=O)(O)O)cc1)NC(C)=O)C(=O)N1CCC[C@H]1C(=O)N[C@@H](CCC(N)=O)C(=O)N[C@H](C(N)=O)[C@@H](C)O,IC50,'=',717.0,nM
CHEMBL465843,PIPLARTINE,COc1cc(/C=C/C(=O)N2CCC=CC2=O)cc(OC)c1OC,IC50,'=',7000.0,nM
CHEMBL1544647,,CN1CCN(CCCNC(=O)c2cc3c(-c4ccc(Cl)cc4)nn(C)c3s2)CC1,IC50,'=',3777.0,nM
CHEMBL1490917,,O=C(COc1ccccc1Cl)Nc1cc(Cl)ccc1O,IC50,'=',571.0,nM
CHEMBL1432151,,Cc1noc(/C=C/N(C)C)c1S(=O)(=O)N1CCc2ccccc21,IC50,'=',15000.0,nM
CHEMBL1341345,,Cc1c(C#N)c2ccccc2n1CC(=O)O,IC50,'=',5095.0,nM
CHEMBL1687979,,O=C(Nc1nnc(-c2ccco2)o1)c1cc(-c2ccccc2)nc2ccccc12,IC50,'=',74000.0,nM
CHEMBL1365626,,COC(=O)c1cccc(NC(=O)CSc2nc3cccnc3n2C)c1,IC50,'=',5351.0,nM
CHEMBL1365679,,CC1CCC2C(=O)N(c3ccccc3OC(=O)c3ccccc3)C(=O)C2C1,IC50,'=',9221.0,nM
CHEMBL1607661,,Clc1ccc(CSc2nnc(Cn3cnc4ccccc43)o2)cc1,IC50,'=',5020.0,nM
CHEMBL1762621,BARDOXOLONE METHYL,COC(=O)[C@]12CCC(C)(C)C[C@H]1[C@H]1C(=O)C=C3[C@@]4(C)C=C(C#N)C(=O)C(C)(C)[C@@H]4CC[C@@]3(C)[C@]1(C)CC2,IC50,'=',2380.0,nM
CHEMBL4211885,,COC(=O)[C@]12CCC(C)(C)C[C@H]1C1=CC[C@@H]3[C@@]4(C)C=C(C(=O)O)C(=O)C(C)(C)[C@@H]4CC[C@@]3(C)[C@]1(C)CC2,IC50,'=',25740.0,nM
CHEMBL2371211,,CC(=O)N[C@@H](Cc1ccc(OP(=O)(O)O)cc1)C(=O)N[C@@H](CC(C)C)C(=O)N[C@@H](CCCCN)C(=O)N[C@H](C(=O)N[C@@H](CCCCN)C(=O)N[C@@H](Cc1ccccc1)C(N)=O)[C@@H](C)O,IC50,'=',20000.0,nM
CHEMBL3133483,,COc1ccc(CN(C(=O)CN(Cc2ccccc2)S(=O)(=O)c2ccc(-c3ccccc3)cc2)c2ccc(O)c(C(=O)O)c2)cc1,IC50,'=',22000.0,nM
CHEMBL445970,,NC(=O)CC[C@H](NC(=O)[C@@H]1CC[C@@H]2CC[C@H](NC(=O)/C=C/c3ccc(OP(=O)(O)O)cc3)C(=O)N21)C(=O)NCc1ccccc1,IC50,'=',604.0,nM
CHEMBL156407,,CC(=O)N[C@H](Cc1ccc(OP(=O)(O)O)cc1)C(=O)N[C@H](CC(C)C)C(=O)N1CCC[C@H]1C(=O)N[C@@H](CCC(N)=O)C(=O)N[C@@H](C)C(=O)N[C@H](C(N)=O)C(C)C,IC50,'=',800.0,nM
CHEMBL1603032,,CCC1C(=O)NCCN1Cc1nc(-c2ccc(-c3ccccc3)cc2)oc1C,IC50,'=',7343.0,nM
CHEMBL2172008,,CCN1C(=O)/C(=C/c2ccc(-c3ccc(C(=O)O)cc3)o2)SC1=S,IC50,'=',30000.0,nM
CHEMBL2347240,,Oc1ccc(NCc2cc(Cl)ccc2OCc2ccc(Cl)cc2)cc1,IC50,'=',26680.0,nM
CHEMBL3133491,,CN(CC(=O)N(Cc1ccc(C2CCCCC2)cc1)c1ccc(O)c(C(=O)O)c1)S(=O)(=O)c1ccc(-c2ccccc2)cc1,IC50,'=',32000.0,nM
CHEMBL3133493,,CC(C)Cc1ccc(CN(C(=O)CN(C)S(=O)(=O)c2ccc(-c3ccc(Cl)cc3)cc2)c2ccc(O)c(C(=O)O)c2)cc1,IC50,'=',20000.0,nM
CHEMBL365749,,CC(=O)N[C@@H](Cc1ccc(OP(=O)(O)O)cc1)C(=O)N[C@@H](CC(C)C)C(=O)N1CCC[C@H]1C(=O)NCCCCCC(N)=O,IC50,'=',9780.0,nM
CHEMBL372429,,CC(=O)N[C@@H](Cc1ccc(OP(=O)(O)O)cc1)C(=O)N[C@@H](CC(C)C)C(=O)N1C[C@H](O)C[C@H]1C(=O)N[C@@H](CCC(N)=O)C(=O)N[C@H](C(N)=O)[C@@H](C)O,IC50,'=',484.0,nM
CHEMBL371056,,CC(=O)N[C@@H](Cc1ccc(OP(=O)(O)O)cc1)C(=O)N[C@@H](CC(C)C)C(=O)N1CCC(C(=O)N[C@@H](CCC(N)=O)C(=O)N[C@H](C(N)=O)[C@@H](C)O)CC1,IC50,'=',34600.0,nM
CHEMBL2347241,,NS(=O)(=O)c1ccc(NCc2cc(Cl)ccc2OCc2ccccc2)cc1,IC50,'=',24320.0,nM
CHEMBL3828058,,Clc1ccc(C2=Nn3c(nnc3-c3cc(-c4ccccc4)n[nH]3)SC2)cc1Cl,IC50,'=',31200.0,nM
CHEMBL2171899,,CCOc1cc(C=C2C(=O)c3ccccc3C2=O)cc(Cl)c1OCc1cccc(C(=O)O)c1,IC50,'=',256000.0,nM
CHEMBL180239,CURCUMIN PYRAZOLE,COc1cc(/C=C/c2cc(/C=C/c3ccc(O)c(OC)c3)[nH]n2)ccc1O,IC50,'=',16200.0,nM
CHEMBL1687976,,O=C(Nc1nnc(-c2ccco2)o1)c1cc(-c2cccs2)nc2ccccc12,IC50,'=',63000.0,nM
CHEMBL576736,,CC(C)C[C@H](NC(=O)/C=C/c1ccc(OP(=O)(O)O)cc1)C(=O)N1CCC[C@H]1C(=O)NCCCS(N)(=O)=O,IC50,'=',68200.0,nM
CHEMBL2431951,,O=C(O)c1ccc(N(Cc2ccc(C3CCCCC3)cc2)C(=O)CN(Cc2ccccc2)S(=O)(=O)c2c(F)c(F)c(F)c(F)c2F)cc1O,IC50,'=',14400.0,nM
CHEMBL2431927,,O=C(O)c1ccc(N(Cc2ccc(C3CCCCC3)cc2)C(=O)CN(Cc2cccc(OC(F)(F)F)c2)S(=O)(=O)c2c(F)c(F)c(F)c(F)c2F)cc1O,IC50,'=',17800.0,nM
CHEMBL3827821,,COc1ccc(C2=Nn3c(nnc3-c3[nH]nc4c3CCC4)SC2C)cc1,IC50,'=',9100.0,nM
CHEMBL1699750,,Fc1ccc(CC2CCN(c3ncnc4sccc34)CC2)cc1,IC50,'=',2535.0,nM
CHEMBL574202,,CC(C)C[C@H](NC(=O)/C=C/c1ccc(OP(=O)(O)O)cc1)C(=O)N1CCC[C@H]1C(=O)NC/C=C\C(N)=O,IC50,'=',1110.0,nM
CHEMBL3827607,,CC1(C)Sc2nnc(-c3[nH]nc4c3CCC4)n2N=C1c1ccc(Cl)c(Cl)c1,IC50,'=',18600.0,nM
CHEMBL2431936,,O=C(O)c1ccc(N(Cc2ccc(C3CCCCC3)cc2)C(=O)CN(Cc2ccc3ccccc3c2)S(=O)(=O)c2c(F)c(F)c(F)c(F)c2F)cc1O,IC50,'=',21800.0,nM
CHEMBL3220127,,O=C(Nc1ccc(C(F)(F)F)cc1)Nc1nonc1-c1ccc(Cl)cc1,IC50,'=',2500.0,nM
CHEMBL4166828,,COC(=O)C1=CO[C@@H](O[C@@H]2O[C@H](CO)[C@@H](O)[C@H](O)[C@H]2O)[C@@H]2[C@@H](C)[C@@H](O[C@H]3C[C@@H]4C(C(=O)OC)=CO[C@@H](O[C@@H]5O[C@H](CO)[C@@H](O)[C@H](O)[C@H]5O)[C@@H]4[C@@H](C)O3)C[C@H]12,IC50,'=',71900.0,nM
CHEMBL2392188,,COc1cc(/C=C/C(=O)/C=C/c2cc(CC=C(C)C)c(O)c(OC)c2)cc(CC=C(C)C)c1O,IC50,'=',22400.0,nM
CHEMBL3290439,,COc1cc(/C=C/C(=O)CC(=O)c2ccc(O)c(OC)c2)ccc1O,IC50,'=',35700.0,nM
CHEMBL3290185,,COc1cc(/C=C/C(=O)CC(=O)/C=C/c2cc(F)c(O)c(OC)c2)cc(F)c1O,IC50,'=',15600.0,nM
CHEMBL1555130,,COc1cc2c(cc1OC)C(=O)N(Cc1cc(-c3ccccc3OC)no1)C(=CN1CCOCC1)N2,IC50,'=',42286.0,nM
CHEMBL1526414,,O=C(NC1=Nc2cccc3cccc(c23)N1)c1ccccc1,IC50,'=',1833.0,nM
CHEMBL1605444,,CCOc1ccccc1-c1nnc(S)o1,IC50,'=',521.0,nM
CHEMBL1384888,,N#Cc1cn(CC(=O)O)c2ccccc12,IC50,'=',9778.0,nM
CHEMBL1467999,,COc1ccc(CC(=O)Nc2cccc(-c3nnc(-c4cccc(C)c4)o3)c2)cc1OC,IC50,'=',3324.0,nM
CHEMBL1344478,,Cc1ccc(S(=O)(=O)N(C)c2ccc(C(=O)N3CCN(Cc4ccc5c(c4)OCO5)CC3)cc2)cc1,IC50,'=',6171.0,nM
CHEMBL3828048,,CC1Sc2nnc(-c3cc(-c4ccccc4)n[nH]3)n2N=C1c1ccccc1,IC50,'=',3400.0,nM
CHEMBL1509244,,CC(=O)N1CCc2cc(S(=O)(=O)NC3CCCc4ccccc43)ccc21,IC50,'=',5122.0,nM
CHEMBL1327627,,CCOC(=O)C1=C(Cc2ccc(C)cc2)C(=O)c2ccccc2C1=O,IC50,'=',7037.0,nM
CHEMBL3199744,,COc1ccc(Br)cc1/C(C)=N/NC1=NCCN1.Cl,IC50,'=',5437.0,nM
CHEMBL2431934,,O=C(O)c1ccc(N(Cc2ccc(C3CCCCC3)cc2)C(=O)CN(Cc2c(F)c(F)cc(F)c2F)S(=O)(=O)c2c(F)c(F)c(F)c(F)c2F)cc1O,IC50,'=',16600.0,nM
CHEMBL2431923,,O=C(O)c1ccc(N(Cc2ccc(C3CCCCC3)cc2)C(=O)CN(Cc2ccccc2Cl)S(=O)(=O)c2c(F)c(F)c(F)c(F)c2F)cc1O,IC50,'=',11000.0,nM
CHEMBL2431956,,O=C(O)c1ccc(N(Cc2ccc(C3CCCCC3)cc2)C(=O)CN(Cc2cccc(C(F)(F)F)c2)S(=O)(=O)c2c(F)c(F)c(F)c(F)c2F)cc1O,IC50,'=',9600.0,nM
CHEMBL2431993,,Cc1ccc(S(=O)(=O)N(CC(=O)N(Cc2ccc(C3CCCCC3)cc2)c2ccc(C(=O)O)c(O)c2)Cc2ccccc2C(F)(F)F)cc1,IC50,'=',2800.0,nM
CHEMBL1687969,,O=C(Nc1nnc(-c2ccccc2)o1)c1cc(-c2ccccc2)nc2ccccc12,IC50,'=',66000.0,nM
CHEMBL1687966,,O=C(Nc1nnc(Cc2ccccc2)o1)c1cc(-c2ccccc2)nc2ccccc12,IC50,'=',75000.0,nM
CHEMBL3827123,,COc1ccc(C2=Nn3c(nnc3-c3[nH]nc4c3CCC4)SC2C(C)C)cc1,IC50,'=',2200.0,nM
CHEMBL3827334,,CC(C)CC1Sc2nnc(-c3[nH]nc4c3CCC4)n2N=C1c1ccc(Cl)c(Cl)c1,IC50,'=',4100.0,nM
CHEMBL3827967,,Clc1ccc(C2=Nn3c(nnc3-c3[nH]nc4c3CCC4)SC2Cc2ccccc2)cc1Cl,IC50,'=',7500.0,nM
CHEMBL447460,,CC(C)NC(=O)[C@H](CCC(N)=O)NC(=O)[C@@H]1Cc2cccc3c2N1C(=O)[C@@H](NC(=O)/C=C/c1ccc(OP(=O)(O)O)cc1)CC3,IC50,'=',305.0,nM
CHEMBL3133484,,O=C(O)c1cc(N(Cc2ccc(C3CCCCC3)cc2)C(=O)CN(Cc2ccccc2)S(=O)(=O)c2ccc(-c3ccccc3)cc2)ccc1O,IC50,'=',23300.0,nM
CHEMBL1444859,,CS(=O)(=O)c1nc(-c2ccco2)cc(C(F)(F)F)n1,IC50,'=',38050.0,nM
CHEMBL1542483,,NC(=O)C1CCN(c2ccc(S(=O)(=O)N3CCC(Cc4ccccc4)CC3)cn2)CC1,IC50,'=',4927.0,nM
CHEMBL1425718,,COc1ccccc1OCC(=O)c1[nH]c(C)c(C(C)=O)c1C,IC50,'=',5335.0,nM
CHEMBL1404788,,COc1cccc(-c2cc(C(=O)Nc3cccc(O)c3)no2)c1,IC50,'=',4994.0,nM
CHEMBL372840,,C[C@H]1CCC[C@@H](O)CCC/C=C/c2cc(O)cc(O)c2C(=O)O1,IC50,'=',5252.0,nM
CHEMBL1391158,,Cc1ccc(-c2cn3cc([N+](=O)[O-])ccc3n2)cc1,IC50,'=',4088.0,nM
CHEMBL1510023,,Nc1c(C(=O)NC2CCCCC2)nsc1C(=O)OCC(=O)NC1CCCCC1,IC50,'=',4220.0,nM
CHEMBL1312502,,O=C(Nc1ccc(N2CCN(C(=O)c3ccco3)CC2)c(Cl)c1)c1cc2ccccc2o1,IC50,'=',8945.0,nM
CHEMBL1393007,,Cc1nc2ccccc2cc1OCc1ccccc1,IC50,'=',4759.0,nM
CHEMBL1575333,,CCOc1cc(C(=S)N2CCOCC2)ccc1OS(=O)(=O)c1ccc(NC(C)=O)cc1,IC50,'=',5231.0,nM
CHEMBL1603921,,O=C(COc1ccc2ccccc2c1)Nc1ccncc1,IC50,'=',6113.0,nM
CHEMBL1604945,,O=C(Nc1ccc(Oc2ccccc2)cc1)c1cnc2n(c1=O)CCS2,IC50,'=',1613.0,nM
CHEMBL1501238,,Cc1ccc(N2C(=O)c3ccccc3C2O)nc1,IC50,'=',5983.0,nM
CHEMBL1536636,,CCCCCCCc1ccc(-c2ccc(O)cc2)nc1,IC50,'=',3259.0,nM
CHEMBL1300536,,CNc1ccccc1C(C)(C)c1cc(-c2ccc(F)cc2)no1,IC50,'=',5409.0,nM
CHEMBL1751,DIGOXIN,C[C@H]1O[C@@H](O[C@H]2[C@@H](O)C[C@H](O[C@H]3[C@@H](O)C[C@H](O[C@H]4CC[C@@]5(C)[C@H](CC[C@@H]6[C@@H]5C[C@@H](O)[C@]5(C)[C@@H](C7=CC(=O)OC7)CC[C@]65O)C4)O[C@@H]3C)O[C@@H]2C)C[C@H](O)[C@@H]1O,IC50,'=',1862.0,nM
CHEMBL1596406,,Cc1csc(NC(=O)c2cc3c(s2)CCCC3)n1,IC50,'=',3818.0,nM
CHEMBL2023564,,CC(C)=CCC[C@](C)(O[C@@H]1O[C@H](C)[C@H](O)[C@H](O)[C@H]1O)[C@@H]1CC=C(C)CC1,IC50,'=',6300.0,nM
CHEMBL1354211,,Cn1c(C(=O)N2CCN(c3ccc([N+](=O)[O-])cc3)CC2)cc2c(O)nc3ccccc3c21,IC50,'=',28690.0,nM
CHEMBL160658,,CC(=O)N[C@@H](Cc1ccc(OP(=O)(O)O)cc1)C(=O)N[C@@H](CC(C)C)C(=O)N1CCC[C@H]1C(=O)N[C@H](CCC(N)=O)C(N)=O,IC50,'=',1000.0,nM
CHEMBL1966497,,COc1ccc(/C=N/NC(=S)Nc2ccccc2[N+](=O)[O-])cc1O,IC50,'=',1738.0,nM
CHEMBL1539607,,CCC(C)N=C(S)Nc1ccc(C(=O)OC)cc1,IC50,'=',4350.0,nM
CHEMBL578504,,CC[n+]1ccccc1C=Cc1ccc(N(C)C)cc1.[I-],IC50,'=',2936.0,nM
CHEMBL1368375,,COc1ccc(-c2nc3scc(-c4ccccc4)n3n2)cc1,IC50,'=',5795.0,nM
CHEMBL1414300,,O=C(c1cc[n+]([O-])cc1)N1CCc2c([nH]c3ccccc23)C1c1ccccc1Cl,IC50,'=',8294.0,nM
CHEMBL1559225,,CCC(C(=O)Nc1ccccc1OC)n1c(C(=O)OC)cc2ccsc21,IC50,'=',2025.0,nM
CHEMBL1364109,,CC1Cc2ccccc2N1Cc1cc(=O)n2ccsc2n1,IC50,'=',12990.0,nM
CHEMBL1429297,,O=C(Nc1ccc(Oc2ccccc2)cc1)C1CCN(c2c3c(nc4ncnn24)CCC3)CC1,IC50,'=',6454.0,nM
CHEMBL1563149,,COc1ccc2cc(-c3cc(C(=O)OCC(=O)Nc4c(C)n(C)n(-c5ccccc5)c4=O)c4ccccc4n3)ccc2c1,IC50,'=',4626.0,nM
CHEMBL1498999,,CCCNC(=O)c1ccc(-c2nc3ccccc3s2)s1,IC50,'=',5056.0,nM
CHEMBL1607115,,CC(=O)c1cn(CC(=O)Nc2ccccc2C)c2ccccc12,IC50,'=',5073.0,nM
CHEMBL2337241,,CCCC(C)Oc1ccc(C(=O)Nc2ccc3nc(SCC(=O)N[C@@H](C)c4ccccc4)sc3c2)cc1,IC50,'=',1600.0,nM
CHEMBL1518665,,c1ccc2c(c1)CCCN2c1nc2ccccc2n2cnnc12,IC50,'=',1357.0,nM
CHEMBL1570764,,CC(=O)NCCC(=O)N1CCc2c([nH]c3ccccc23)C1c1cccc(C)c1,IC50,'=',2496.0,nM
CHEMBL1386224,,CN1N=C(C(=O)N2CCc3c([nH]c4ccccc34)C2c2c(F)cccc2Cl)CCC1=O,IC50,'=',4817.0,nM
CHEMBL3195322,,CCCOc1ccc(/C=N/NC(=S)Nc2ccccc2[N+](=O)[O-])c(O)c1,IC50,'=',1052.0,nM
CHEMBL1402502,,CCC(C)(C)c1ccc(OCCCC[n+]2cccc(C)c2)c(C(C)(C)CC)c1.[Br-],IC50,'=',4088.0,nM
CHEMBL1503513,,Oc1ccc(-c2nnc(S)n2-c2ccc3c(c2)OCCO3)c(O)c1,IC50,'=',5367.0,nM
CHEMBL1542876,,Cc1nn2cc(-c3ncc(C(F)(F)F)cc3Cl)cnc2c1Br,IC50,'=',11370.0,nM
CHEMBL1476319,,Cn1c(CN2CCCCC2)nc2cc(NC(=O)c3cccc(Br)c3)ccc21,IC50,'=',4555.0,nM
CHEMBL1482188,,CCN(CC)c1ccc(NC(=O)CN2C(=O)CSc3ncccc32)c(C)c1,IC50,'=',3823.0,nM
CHEMBL1573523,,O=C(CSc1ccc2ccccc2c1)Nc1ccncc1,IC50,'=',7657.0,nM
CHEMBL1546405,,Clc1ccc(OCc2cc(-c3ccccc3)no2)c(Cl)c1,IC50,'=',8024.0,nM
CHEMBL1588771,,CC(C)Cn1c(N)c(C(=O)CSc2ccccc2)c(=O)n(C)c1=O,IC50,'=',5567.0,nM
CHEMBL1570537,,CN(C)S(=O)(=O)c1ccc(C(=O)Nc2nc(-c3cccs3)cs2)cc1,IC50,'=',8643.0,nM
CHEMBL573901,,CC(C)C[C@H](NC(=O)/C=C/c1ccc(OP(=O)(O)O)cc1)C(=O)N1CCC[C@H]1C(=O)N[C@@H](CC(N)=O)C(=O)NCc1ccccc1,IC50,'=',874.0,nM
CHEMBL1425853,,c1ccc(C2=Nn3c(nnc3-c3cc(-c4ccccc4)[nH]n3)SC2)cc1,IC50,'=',27000.0,nM
CHEMBL370095,,CNC(=O)[C@H](CCC(N)=O)NC(=O)[C@@H]1CCCN1C(=O)[C@H](CC(C)C)NC(=O)[C@H](Cc1ccc(OP(=O)(O)O)cc1)NC(C)=O,IC50,'=',882.0,nM
CHEMBL370000,,CC(=O)N[C@@H](Cc1ccc(OP(=O)(O)O)cc1)C(=O)N[C@@H](CC(C)C)C(=O)N1CCC[C@H]1C(=O)N[C@@H](CCC(N)=O)C(=O)N1CCCCC1,IC50,'=',7000.0,nM
CHEMBL3600853,,COc1ccc(S(=O)(=O)N(C(C)=O)c2ccccc2-c2ccc(C#N)cc2)cc1,IC50,'=',320.0,nM
CHEMBL1702136,,c1ccc(CC2CCN(c3ncnc4scc(-c5cccs5)c34)CC2)cc1,IC50,'=',16742.0,nM
CHEMBL1337042,,CCOC(=O)c1sc(NCc2ccco2)c(-c2nc3ccccc3s2)c1N,IC50,'=',9757.0,nM
CHEMBL156046,,CC(=O)N[C@@H](Cc1ccc(OP(=O)(O)O)cc1)C(=O)N[C@@H](CC(C)C)C(=O)NC(C)C(=O)N[C@@H](CCC(N)=O)C(=O)N[C@H](C(=O)N[C@H](C(N)=O)C(C)C)[C@@H](C)O,IC50,'=',4000.0,nM
CHEMBL1386065,,O=C(Nc1nccs1)c1ccc(S(=O)(=O)NCC2CCCCC2)cc1,IC50,'=',3028.0,nM
CHEMBL1300243,,CC1=C(C)C(=O)C(N2CCOCC2)=CC1=O,IC50,'=',23520.0,nM
CHEMBL1489951,,O=C(O)C(Cc1c[nH]c2ccccc12)N1Cc2ccccc2C1=O,IC50,'=',10940.0,nM
CHEMBL1362841,,O=C(Cc1cccs1)Nc1ccccn1,IC50,'=',8061.0,nM
CHEMBL1454972,,COCc1cc(C)nc2sc(C(=O)NN)c(-n3cccc3)c12,IC50,'=',25650.0,nM
CHEMBL1601960,,O=C1CCCN1c1ccc(S(=O)(=O)N2CCC(c3ccccc3)CC2)cc1,IC50,'=',4501.0,nM
CHEMBL1418188,,COCCNC(=O)C(=O)NNC(=O)c1ccccc1OC,IC50,'=',14720.0,nM
CHEMBL1547935,,O=C(Cc1c[nH]c2ccccc12)Nc1nnc(C2CC2)s1,IC50,'=',2980.0,nM
CHEMBL1509017,,COc1cc(NC(=O)c2cc(-c3ccco3)on2)c(OC)cc1Cl,IC50,'=',1711.0,nM
CHEMBL1430550,,CCCN(CCC)C(=O)Cn1c2ccccc2c2nc(=O)cc(C)n21,IC50,'=',174.0,nM
CHEMBL1367459,,COc1ccc(Br)cc1C(=O)Nc1cccc(C)c1,IC50,'=',11340.0,nM
CHEMBL1548996,,CN1C(=O)/C(=C\c2cc(Br)cs2)c2ccccc21,IC50,'=',635.0,nM
CHEMBL1328233,,CC(C)CC(=O)NC(=S)Nc1nc(-c2ccccc2)cs1,IC50,'=',468.0,nM
CHEMBL1560530,,O=C(Nc1ccn(Cc2ccccc2F)n1)c1ccc(COc2ccccc2Cl)cc1,IC50,'=',5118.0,nM
CHEMBL1325226,,CCCOc1ccc(CSc2nc3ccccc3[nH]2)cc1,IC50,'=',6530.0,nM
CHEMBL1427458,,Cc1ccc(Oc2ccc(C(=O)NCc3ccncc3)cc2)cc1,IC50,'=',5360.0,nM
CHEMBL1523501,,CC(=O)c1ccc(N=Nc2ccc(C)cc2)cc1,IC50,'=',4774.0,nM
CHEMBL1468344,,CC1CCCCC1NS(=O)(=O)c1ccc(S(=O)(=O)NCc2ccncc2)cc1,IC50,'=',3279.0,nM
CHEMBL1509727,,Cc1nc2ccccc2cc1OCc1ccc(F)cc1,IC50,'=',3466.0,nM
CHEMBL1341040,,O=C(Nc1cccc(Cl)c1)Nc1ccnc(-c2cccnc2)n1,IC50,'=',3200.0,nM
CHEMBL1499456,,Cc1nc(CNS(=O)(=O)c2ccc(Oc3ccccc3)cc2)cs1,IC50,'=',5543.0,nM
CHEMBL1501859,,CNC(=O)Oc1cccc(-c2cn3cc(Cl)ccc3n2)c1,IC50,'=',1780.0,nM
CHEMBL583756,,CC(C)C[C@H](NC(=O)/C=C/c1ccc(OP(=O)(O)O)cc1)C(=O)N1CCC[C@H]1C(=O)N[C@@H](COC(N)=O)[C@@H](C)OCc1ccccc1,IC50,'=',6900.0,nM
CHEMBL573930,,CC(C)C[C@H](NC(=O)/C=C/c1ccc(OP(=O)(O)O)cc1)C(=O)N1C[C@H]2C[C@H]2[C@H]1C(=O)N[C@@H](CCC(N)=O)C(C)C,IC50,'=',511.0,nM
CHEMBL583726,,CC(=O)OC[C@H](CCC(N)=O)NC(=O)[C@@H]1[C@@H]2C[C@@H]2CN1C(=O)[C@H](CC(C)C)NC(=O)/C=C/c1ccc(OP(=O)(O)O)cc1,IC50,'=',290.0,nM
CHEMBL1352434,,CCN(CC)S(=O)(=O)c1ccc(N2CCOCC2)c(NC(=O)c2cc(-c3ccccn3)nc3ccccc23)c1,IC50,'=',9733.0,nM
CHEMBL1303262,,O=C(Cc1cnc2ncnn2c1)N1CCc2c([nH]c3ccccc23)C1c1ccccc1F,IC50,'=',13700.0,nM
CHEMBL1506434,,O=C(Cc1c[nH]c2ccccc12)Nc1nc2ccccc2[nH]1,IC50,'=',4978.0,nM
CHEMBL4168681,,Cc1ccc(S(=O)(=O)OCC(=O)Nc2ccc(C(=O)O)cc2)cc1,IC50,'=',86000.0,nM
CHEMBL4474543,,O=C(Nc1nc(NCc2ccc(Cl)cc2)c2nc[nH]c2n1)c1ccccc1,IC50,'=',2280.0,nM
CHEMBL373124,,CC(=O)N[C@@H](Cc1ccc(OP(=O)(O)O)cc1)C(=O)N[C@@H](CC(C)C)C(=O)N1CCC[C@H]1C(=O)N1CCC(C(N)=O)CC1,IC50,'=',3020.0,nM
CHEMBL370208,,CC(=O)N[C@@H](Cc1ccc(OP(=O)(O)O)cc1)C(=O)N[C@@H](CC(C)C)C(=O)N1CCC[C@H]1C(=O)N[C@@H](CCC(N)=O)C(=O)N[C@@H](C)c1ccccc1,IC50,'=',596.0,nM
CHEMBL1488466,,O=C(Nc1ccc(Cc2ccncc2)cc1)c1ccc(S(=O)(=O)N2CCOCC2)cc1,IC50,'=',4306.0,nM
CHEMBL254219,DIGITOXIN,C[C@H]1O[C@@H](O[C@H]2[C@@H](O)C[C@H](O[C@H]3[C@@H](O)C[C@H](O[C@H]4CC[C@@]5(C)[C@H](CC[C@@H]6[C@@H]5CC[C@]5(C)[C@@H](C7=CC(=O)OC7)CC[C@]65O)C4)O[C@@H]3C)O[C@@H]2C)C[C@H](O)[C@@H]1O,IC50,'=',700.0,nM
CHEMBL1339432,,O=C(NC1CC1)c1cc2c(s1)-c1ccccc1OC2,IC50,'=',3832.0,nM
CHEMBL3827948,,CC1Sc2nnc(-c3[nH]nc4c3CCC4)n2N=C1c1ccc(Cl)c(Cl)c1,IC50,'=',8200.0,nM
CHEMBL5198840,,CCCN1CCN(C(=O)c2cc3ccc(Oc4cnc(-c5nc(-c6ccc(C(F)(F)F)cc6)no5)cn4)cc3n2C)CC1,IC50,'=',800.5,nM
CHEMBL348181,,CC(=O)N[C@@H](Cc1ccc(OP(=O)(O)O)cc1)C(=O)N[C@@H](CCC(N)=O)C(=O)N[C@@H](CCCCN)C(=O)N[C@@H](CCC(N)=O)C(=O)N[C@H](C(=O)N[C@@H](CCCN=C(N)N)C(N)=O)[C@@H](C)O,IC50,'=',8000.0,nM
CHEMBL435121,,CC(C)C[C@H](NC(=O)[C@H](Cc1ccc(OP(=O)(O)O)cc1)NC(=O)OCc1ccccc1)C(=O)N1CCC[C@H]1C(=O)N[C@@H](CCC(N)=O)C(=O)N[C@H](C(N)=O)[C@@H](C)O,IC50,'=',750.0,nM
CHEMBL575919,,CC(C)C[C@H](NC(=O)/C=C/c1ccc(OP(=O)(O)O)cc1)C(=O)N1CCC[C@H]1C(=O)NCC#CC(N)=O,IC50,'=',1140.0,nM
CHEMBL4749034,,O=C1NCc2cc(N(Cc3ccc(C4CCCCC4)cn3)C(=O)[C@H]3CCN3S(=O)(=O)c3c(F)c(F)c(F)c(F)c3F)ccc21,IC50,'=',640.0,nM
CHEMBL4749638,,O=C([C@H]1CCN1S(=O)(=O)c1c(F)c(F)c(F)c(F)c1F)N(Cc1ccc(C2CCCCC2)cc1)c1cc2[nH]ncc2cc1F,IC50,'=',1900.0,nM
CHEMBL3133482,,O=C(O)c1cc(N(Cc2ccc(Cl)cc2)C(=O)CN(Cc2ccccc2)S(=O)(=O)c2ccc(-c3ccccc3)cc2)ccc1O,IC50,'=',15000.0,nM
CHEMBL207155,,C1=Cc2nc1cc1ccc([nH]1)c(-c1ccccc1)c1nc(cc3ccc([nH]3)c2-c2ccccc2)C=C1,IC50,'=',280.0,nM
CHEMBL524275,,Cc1oc(C)c2c(=O)cc(-c3ccc(O)c(O)c3)cc(O)c12,IC50,'=',106000.0,nM
CHEMBL5280162,,CC(C)C[C@H](NC(=O)[C@H](Cc1ccc(OP(=O)(O)O)cc1)NC(=O)[C@H](C)N)C(=O)O,IC50,'=',217000.0,nM
CHEMBL5276499,,COc1cc(C(Nc2ccccn2)c2cc3c(cc2O)OCO3)cc(OC)c1OC,IC50,'=',10000.0,nM
CHEMBL156168,,CC[C@H](C)[C@H](NC(=O)[C@H](Cc1ccc(OP(=O)(O)O)cc1)NC(C)=O)C(=O)N[C@@H](CC(N)=O)C(=O)N[C@@H](CCC(N)=O)C(=O)N[C@@H](CO)C(=O)N[C@H](C(N)=O)C(C)C,IC50,'=',30000.0,nM
CHEMBL4780563,,O=C([C@H]1CCN1S(=O)(=O)c1c(F)c(F)c(F)c(F)c1F)N(Cc1ccc(C2CCCCC2)cc1)c1ccc2c(=O)[nH]ncc2c1,IC50,'=',1800.0,nM
CHEMBL1401,NITAZOXANIDE,CC(=O)Oc1ccccc1C(=O)Nc1ncc([N+](=O)[O-])s1,IC50,'=',9980.0,nM
CHEMBL407907,,Cc1ccc(O)c(C(=O)Nc2ncc([N+](=O)[O-])s2)c1,IC50,'=',3600.0,nM
CHEMBL3133490,,Cc1ccc(S(=O)(=O)N(C)CC(=O)N(Cc2ccc(C3CCCCC3)cc2)c2ccc(O)c(C(=O)O)c2)cc1,IC50,'=',45000.0,nM
CHEMBL160733,,CSCC[C@H](NC(=O)[C@H](CCC(N)=O)NC(=O)[C@H]1CCCN1C(=O)[C@H](CCCCN)NC(=O)[C@H](Cc1ccc(OP(=O)(O)O)cc1)NC(C)=O)C(=O)N[C@@H](Cc1c[nH]cn1)C(N)=O,IC50,'=',400.0,nM
CHEMBL398067,,CC(C)C[C@H](NC(=O)[C@H](Cc1ccc(OP(=O)(O)O)cc1)NC(=O)c1ccc(C#N)cc1)C(=O)NCc1ccccc1,IC50,'=',800000.0,nM
CHEMBL2152454,,COC(=O)C1=CO[C@@H](O[C@@H]2O[C@H](CO)[C@@H](O)[C@H](O)[C@H]2O)[C@@H]2[C@H](C)O[C@H](OC)C[C@H]12,IC50,'=',32500.0,nM
CHEMBL4172359,,COC(=O)C1=CO[C@@H](O[C@@H]2O[C@H](CO[C@@H]3C[C@@H]4C(C(=O)OC)=CO[C@@H](O[C@@H]5O[C@H](CO)[C@@H](O)[C@H](O)[C@H]5O)[C@@H]4[C@H](C)O3)[C@@H](O)[C@H](O)[C@H]2O)[C@@H]2[C@H](C)O[C@@H](OC)C[C@H]12,IC50,'=',43000.0,nM
CHEMBL5201252,,Cn1c(C(=O)N2CCN(Cc3ccc(OCC(F)(F)F)c(F)c3)CC2)cc2ccc(Oc3cnc(-c4nc(-c5ccc(C(F)(F)F)cc5)no4)cn3)cc21,IC50,'=',101.3,nM
CHEMBL5199129,,Cc1ccc(CN2CCN(C(=O)c3cc4ccc(Oc5cnc(-c6nc(-c7ccc(C(F)(F)F)cc7)no6)cn5)cc4n3C)CC2)cc1,IC50,'=',491.7,nM
CHEMBL5182559,,Cn1c(C(=O)N2CCN(Cc3ccc(F)cc3)CC2)cc2ccc(Oc3cnc(-c4nc(-c5ccc(C(F)(F)F)cc5)no4)cn3)cc21,IC50,'=',426.6,nM
CHEMBL4741333,,O=C(NO)c1ccc(N(Cc2ccc(C3CCCCC3)cc2)C(=O)[C@H]2CCN2S(=O)(=O)c2c(F)c(F)c(F)c(F)c2F)cc1,IC50,'=',2510.0,nM
CHEMBL4795749,,Cn1cnc2cc(N(Cc3ccc(C4CCCCC4)cn3)C(=O)[C@H]3CCN3S(=O)(=O)c3c(F)c(F)c(F)c(F)c3F)ccc2c1=O,IC50,'=',1150.0,nM
CHEMBL4746240,,O=C([C@H]1CCN1S(=O)(=O)c1c(F)c(F)c(F)c(F)c1F)N(Cc1cnc(C2CCCCC2)cn1)c1ccc2c(=O)[nH]cnc2c1,IC50,'=',1470.0,nM
CHEMBL4750213,,Cc1ncsc1-c1ccc(CNC(=O)[C@@H]2C[C@@H](O)CN2C(=O)[C@@H](NC(=O)COCCOCCNC(=O)c2cc3c(o2)C(=O)c2ccccc2C3=O)C(C)(C)C)cc1,IC50,'=',11400.0,nM
CHEMBL4750471,,O=C([C@H]1CCN1S(=O)(=O)c1c(F)c(F)c(F)c(F)c1F)N(Cc1ccc(C2CCCCC2)cn1)c1cc2[nH]ncc2cc1F,IC50,'=',1800.0,nM
CHEMBL505076,,CC(=O)N[C@@H](Cc1ccc(OP(=O)(O)O)cc1)C(=O)N[C@@H](CC(C)C)C(=O)N1CCC[C@H]1C(=O)N[C@@H](CCC(N)=O)C(=O)N[C@H](C(N)=O)[C@H](C)O,IC50,'=',739.0,nM
CHEMBL454365,,CNC(=O)[C@H](CCC(N)=O)NC(=O)[C@@H]1Cc2cccc3c2N1C(=O)[C@@H](NC(=O)/C=C/c1ccc(OP(=O)(O)O)cc1)CC3,IC50,'=',269.0,nM
CHEMBL3290186,,COc1cc(/C=C/C(=O)/C=C/c2cc(F)c(O)c(OC)c2)cc(F)c1O,IC50,'=',19400.0,nM
CHEMBL5193538,,Cn1c(C(=O)N2CCN(Cc3ccc(C(F)(F)F)cc3)CC2)cc2ccc(Oc3cnc(-c4nc(-c5ccc(C(F)(F)F)cc5)no4)cn3)cc21,IC50,'=',72.4,nM
CHEMBL5206754,,COc1ccc(CN2CCN(C(=O)c3cc4ccc(Oc5cnc(-c6nc(-c7ccc(C(F)(F)F)cc7)no6)cn5)cc4n3C)CC2)cc1,IC50,'=',63.6,nM
CHEMBL5189135,,Cn1c(C(=O)N2CCN(Cc3ccc(OCC(F)(F)F)cc3)CC2)cc2ccc(Oc3cnc(-c4nc(-c5ccc(Br)cc5)no4)cn3)cc21,IC50,'=',28.1,nM
CHEMBL1369131,,Cc1cc(C)n(-c2nnc3n2N=C(c2c[nH]c4ccccc24)CS3)n1,IC50,'=',14490.0,nM
CHEMBL1299373,,COCc1cc(O)n2c(-c3ccccc3OC)nnc2n1,IC50,'=',821.0,nM
CHEMBL1410722,,CCOc1ccc(CN2CCN(Cc3cc4ccccc4[nH]3)CC2CCO)cc1,IC50,'=',644.0,nM
CHEMBL4764758,,O=C1CCC(N2C(=O)c3cccc(NCCOCCOCCOCCNC(=O)c4cc5c(o4)C(=O)c4ccccc4C5=O)c3C2=O)C(=O)N1,IC50,'=',2600.0,nM
CHEMBL4742236,,CC(C)(C)c1ccc(CN(C(=O)[C@H]2CCN2S(=O)(=O)c2c(F)c(F)c(F)c(F)c2F)c2ccc(C(=O)NO)cc2F)cc1,IC50,'=',3960.0,nM
CHEMBL4794312,,O=C(NO)c1ccc(N(Cc2ccc(C3CCCC3)cn2)C(=O)[C@H]2CCN2S(=O)(=O)c2c(F)c(F)c(F)c(F)c2F)c(F)c1,IC50,'=',1940.0,nM
CHEMBL4756412,,NC(=O)c1ccc(N(Cc2ccc(C3CCCCC3)cn2)C(=O)[C@H]2CCN2S(=O)(=O)c2c(F)c(F)c(F)c(F)c2F)cc1O,IC50,'=',660.0,nM
CHEMBL4741716,,O=C(NO)c1ccc(N(Cc2cnc(C3CCCCC3)cn2)C(=O)[C@H]2CCN2S(=O)(=O)c2c(F)c(F)c(F)c(F)c2F)cc1O,IC50,'=',530.0,nM
CHEMBL4753190,,Cn1ccc2cc(N(Cc3ccc(C4CCCCC4)cn3)C(=O)[C@H]3CCN3S(=O)(=O)c3c(F)c(F)c(F)c(F)c3F)ccc2c1=O,IC50,'=',870.0,nM
CHEMBL4744538,,O=C([C@H]1CCN1S(=O)(=O)c1c(F)c(F)c(F)c(F)c1F)N(Cc1cnc(C2CCCCC2)cn1)c1ccc2c(=O)[nH]ncc2c1,IC50,'=',2450.0,nM
CHEMBL4758808,,O=C1NCc2cc(N(Cc3ccc(C4CCCCC4)cn3)C(=O)[C@H]3CCN3S(=O)(=O)c3c(F)c(F)c(F)c(F)c3F)c(F)cc21,IC50,'=',1090.0,nM
CHEMBL4787896,,O=C1NC(=O)c2cc(N(Cc3ccc(C4CCCCC4)cn3)C(=O)[C@H]3CCN3S(=O)(=O)c3c(F)c(F)c(F)c(F)c3F)ccc21,IC50,'=',1180.0,nM
CHEMBL1563220,,Cc1cc(NC(=O)c2cc(-c3cccs3)on2)nn1Cc1ccc(Cl)cc1,IC50,'=',5484.0,nM
CHEMBL1453320,,COc1ccc(C(=O)Nc2ccc3oc(Cc4ccc(Cl)cc4)nc3c2)cc1OC,IC50,'=',6737.0,nM
CHEMBL1424992,,Cc1ccc(-n2ncc3c(SCc4cccnc4)ncnc32)c(C)c1,IC50,'=',5763.0,nM
CHEMBL1309913,,Nc1cc(-c2ccccc2)nn1Cc1ccc(Cl)cc1,IC50,'=',6762.0,nM
CHEMBL1352525,,Cc1cccc(N2CCN(C(=O)CSCc3c(C)noc3C)CC2)c1C,IC50,'=',4555.0,nM
CHEMBL1607286,,CN1CCN(Cc2nc3ccccc3c(=O)n2Cc2nc(-c3ccc4ccccc4c3)cs2)CC1,IC50,'=',49200.0,nM
CHEMBL2431937,,COC(=O)c1ccccc1CN(CC(=O)N(Cc1ccc(C2CCCCC2)cc1)c1ccc(C(=O)O)c(O)c1)S(=O)(=O)c1c(F)c(F)c(F)c(F)c1F,IC50,'=',17400.0,nM
CHEMBL2431935,,O=C(O)c1ccc(N(Cc2ccc(C3CCCCC3)cc2)C(=O)CN(Cc2c(F)c(F)c(F)c(F)c2F)S(=O)(=O)c2c(F)c(F)c(F)c(F)c2F)cc1O,IC50,'=',11000.0,nM
CHEMBL2431932,,O=C(O)c1ccc(N(Cc2ccc(C3CCCCC3)cc2)C(=O)CN(Cc2cc(F)c(F)c(F)c2F)S(=O)(=O)c2c(F)c(F)c(F)c(F)c2F)cc1O,IC50,'=',12400.0,nM
CHEMBL2431975,,Cc1ccc(S(=O)(=O)N(CC(=O)N(Cc2ccc(C3CCCCC3)cc2)c2ccc(C(=O)O)c(O)c2)Cc2ccccn2)cc1,IC50,'=',45200.0,nM
CHEMBL2431969,,Cc1ccc(S(=O)(=O)N(CC(=O)N(Cc2ccc(C3CCCCC3)cc2)c2ccc(C(=O)O)c(O)c2)Cc2ccccc2[N+](=O)[O-])cc1,IC50,'=',10000.0,nM
CHEMBL194453,,CC(=O)N[C@@H](Cc1ccc(OP(=O)(O)O)cc1)C(=O)N[C@@H](CC(C)C)C(=O)N1CCC[C@H]1C(=O)N[C@@H](CCC(=O)N(C)C)C(=O)N[C@H](C(N)=O)[C@@H](C)O,IC50,'=',80000.0,nM
CHEMBL2431955,,O=C(O)c1ccc(N(Cc2ccc(C3CCCCC3)cc2)C(=O)CN(Cc2ccccc2C(F)(F)F)S(=O)(=O)c2c(F)c(F)c(F)c(F)c2F)cc1O,IC50,'=',12800.0,nM
CHEMBL2431947,,COC(=O)c1ccc(CN(CC(=O)N(Cc2ccc(C3CCCCC3)cc2)c2ccc(C(=O)O)c(O)c2)S(=O)(=O)c2ccc(C)cc2)cc1,IC50,'=',11600.0,nM
CHEMBL2431995,,Cc1ccc(S(=O)(=O)N(CC(=O)N(Cc2ccc(C3CCCCC3)cc2)c2ccc(C(=O)O)c(O)c2)Cc2ccc(C(F)(F)F)cc2)cc1,IC50,'=',9200.0,nM
CHEMBL2431994,,Cc1ccc(S(=O)(=O)N(CC(=O)N(Cc2ccc(C3CCCCC3)cc2)c2ccc(C(=O)O)c(O)c2)Cc2cccc(C(F)(F)F)c2)cc1,IC50,'=',10200.0,nM
CHEMBL2431986,,Cc1ccc(S(=O)(=O)N(CC(=O)N(Cc2ccc(C3CCCCC3)cc2)c2ccc(C(=O)O)c(O)c2)CC(C)C)cc1,IC50,'=',17000.0,nM
CHEMBL1299470,,Cc1ccc2[nH]c3c(N4CCN(Cc5ccccc5)CC4)ncnc3c2c1,IC50,'=',16160.0,nM
CHEMBL3899770,,CCCCCCCCC(=O)O[C@H]1CC/C(C)=C/CC/C(C)=C/C[C@]2(C(C)C)CC[C@@]1(C)O2,IC50,'=',38660.0,nM
CHEMBL4174085,,COC(=O)C1=CO[C@@H](O[C@@H]2O[C@H](CO)[C@@H](O[C@H]3C[C@@H]4C(C(=O)OC)=CO[C@@H](O[C@@H]5O[C@H](C)[C@@H](O)[C@H](O)[C@H]5O)[C@@H]4[C@H](C)O3)[C@H](O)[C@H]2O)[C@@H]2[C@@H](C)[C@@H](O)C[C@H]12,IC50,'=',52600.0,nM
CHEMBL4164481,,COC(=O)C1=CO[C@@H](O[C@@H]2O[C@H](CO)[C@@H](O)[C@H](O)[C@H]2O)[C@@H]2[C@H](C)O[C@H](O[C@H]3[C@H](O[C@@H]4OC=C(C(=O)OC)[C@H]5C[C@H](OC)O[C@@H](C)[C@@H]45)O[C@H](CO)[C@@H](O)[C@@H]3O)C[C@H]12,IC50,'=',21900.0,nM
CHEMBL1407286,,Cc1cc(OCC(=O)Nc2ccncc2)cc(C)c1Br,IC50,'=',3184.0,nM
CHEMBL1447188,,COc1cc(OC)cc(C(=O)Nc2ccc(-c3nc4ccccc4o3)cc2)c1,IC50,'=',16420.0,nM
CHEMBL396939,,CC(=O)N[C@@H](Cc1ccc(CP(=O)(O)O)cc1)C(=O)N[C@@H](CC(C)C)C(=O)N1CCC[C@H]1C(=O)N[C@@H](CCC(N)=O)C(=O)N[C@H](C(=O)N[C@H](C(=O)O)C(C)C)[C@@H](C)O,IC50,'=',138000.0,nM
CHEMBL348182,,CC(=O)N[C@@H](Cc1ccc(OP(=O)(O)O)cc1)C(=O)N[C@@H](Cc1c[nH]cn1)C(=O)N[C@@H](CC(N)=O)C(=O)N[C@@H](CCC(N)=O)C(=O)N1CCC[C@@H]1C(=O)N[C@@H](CC(C)C)C(N)=O,IC50,'=',150000.0,nM
CHEMBL4751709,,CONC(=O)c1ccc(N(Cc2ccc(C3CCCCC3)cn2)C(=O)[C@H]2CCN2S(=O)(=O)c2c(F)c(F)c(F)c(F)c2F)cc1O,IC50,'=',510.0,nM
CHEMBL3133492,,CCCCCCCc1ccc(CN(C(=O)CN(C)S(=O)(=O)c2ccc(-c3ccccc3)cc2)c2ccc(O)c(C(=O)O)c2)cc1,IC50,'=',22000.0,nM
CHEMBL3600746,,COc1ccc(S(=O)(=O)Nc2ccccc2-c2ccc(C#N)cc2)cc1,IC50,'=',440.0,nM
CHEMBL3133454,,COc1ccc(CN(C(=O)c2ccc(Oc3ccccc3)cc2)c2ccc(O)c(C(=O)O)c2)cc1,IC50,'=',118100.0,nM
CHEMBL1319541,,CCOc1ccc2nc(NC3=NC(C)=CC(C)(C)N3)nc(C)c2c1,IC50,'=',15700.0,nM
CHEMBL1545,TIZOXANIDE,O=C(Nc1ncc([N+](=O)[O-])s1)c1ccccc1O,IC50,'=',8900.0,nM
CHEMBL3337626,,Cc1nc(Nc2nc(=O)cc(-c3ccccc3)[nH]2)nc2cc3c(cc12)OCO3,IC50,'=',13000.0,nM
CHEMBL392591,,C[C@H](O)c1cc2c(o1)C(=O)c1cccc(O)c1C2=O,IC50,'=',2000.0,nM
CHEMBL4793965,,COc1ccc(NC2=CC(=O)c3cc(C(C)=O)oc3C2=O)cc1,IC50,'=',5180.0,nM
CHEMBL1626156,,OCCNCc1cc(Br)ccc1OCc1ccc(Cl)cc1,IC50,'=',59910.0,nM
CHEMBL4553306,,O=C(Nc1nc(N2CCOCC2)c2nc[nH]c2n1)C1CCCCC1,IC50,'=',23980.0,nM
CHEMBL436427,,CC(=O)N[C@@H](Cc1ccc(OP(=O)(O)O)cc1)C(=O)N[C@@H](CC(C)C)C(=O)N[C@@H](CCCCN)C(=O)N[C@@H](CCC(N)=O)C(=O)N[C@@H](CCC(=O)O)C(=O)N[C@@H](CO)C(N)=O,IC50,'=',6000.0,nM
CHEMBL433511,,CC(=O)N[C@H](Cc1ccc(OP(=O)(O)O)cc1)C(=O)N[C@H](CC(C)C)C(=O)N1CCC[C@H]1C(=O)N[C@@H](CC(N)=O)C(=O)N[C@H](C(=O)N[C@H](C(N)=O)C(C)C)[C@@H](C)O,IC50,'=',2000.0,nM
CHEMBL4757739,,CNC(=O)c1ccc(N(Cc2ccc(C3CCCCC3)cn2)C(=O)[C@H]2CCN2S(=O)(=O)c2c(F)c(F)c(F)c(F)c2F)c(F)c1,IC50,'=',1910.0,nM
CHEMBL4764925,,O=C([C@H]1CCN1S(=O)(=O)c1c(F)c(F)c(F)c(F)c1F)N(Cc1ccc(C2CCCCC2)cn1)c1ccc2c(=O)[nH]cnc2c1,IC50,'=',980.0,nM
CHEMBL5191288,,CCCN1CCN(C(=O)c2ccc(-c3nc(-c4ccc(C(F)(F)F)cc4)no3)nc2)CC1,IC50,'=',533.2,nM
CHEMBL5191059,,Cc1ccc(CN2CCN(C(=O)c3ccc(-c4nc(-c5ccc(C(F)(F)F)cc5)no4)nc3)CC2)cc1,IC50,'=',181.9,nM
CHEMBL5177332,,CC(C)(C)c1ccc(CN2CCN(C(=O)c3ccc(-c4nc(-c5ccc(C(F)(F)F)cc5)no4)nc3)CC2)cc1,IC50,'=',88.1,nM
CHEMBL5185530,,O=C(c1ccc(-c2nc(-c3ccc(C(F)(F)F)cc3)no2)nc1)N1CCN(Cc2ccc(Br)cc2)CC1,IC50,'=',40.2,nM
CHEMBL5171708,,O=C(c1ccc(-c2nc(-c3ccc(C(F)(F)F)cc3)no2)cn1)N1CCN(Cc2ccc(OCC(F)(F)F)cc2)CC1,IC50,'=',75.9,nM
CHEMBL5176948,,O=C(c1cc(-c2nc(-c3ccc(C(F)(F)F)cc3)no2)ccn1)N1CCN(Cc2ccc(OCC(F)(F)F)cc2)CC1,IC50,'=',32.3,nM
CHEMBL3828107,,COc1ccc(C2=Nn3c(nnc3-c3cc(-c4ccccc4)n[nH]3)SC2CC(C)C)cc1,IC50,'=',5100.0,nM
CHEMBL1651691,,O=C(O)Cn1cnc2c(N3CCOCC3)nc(NC(=O)C3CCCCC3)nc21,IC50,'=',34540.0,nM
CHEMBL4857762,,CCCC(C)Oc1ccc(C(=O)Nc2ccc3nc(SCC(=O)N[C@@H](C)c4ccccc4)sc3c2)cc1OC,IC50,'=',1420.0,nM
CHEMBL4876597,,CCCC(C)Oc1ccc(C(=O)Nc2ccc3nc(SCC(=O)N[C@@H](C)c4cccc(OC)c4)sc3c2)c(OC)c1C,IC50,'=',270.0,nM
CHEMBL3827535,,Fc1ccc(-c2cc(-c3nnc4n3N=C(c3ccc(Cl)c(Cl)c3)CS4)[nH]n2)cc1,IC50,'=',7500.0,nM
CHEMBL4753131,,CNC(=O)c1ccc(N(Cc2ccc(C3CCCCC3)cn2)C(=O)[C@H]2CCN2S(=O)(=O)c2c(F)c(F)c(F)c(F)c2F)cc1O,IC50,'=',770.0,nM
CHEMBL3828152,,COc1ccc(C2=Nn3c(nnc3-c3cc(-c4ccc(F)cc4)n[nH]3)SC2C)cc1,IC50,'=',4200.0,nM
CHEMBL3628241,,C[C@@H]1C[C@H](O)C2=C(COC(=O)CCc3ccccc3)C(=O)O/C2=C/[C@@]2(C)CC[C@]1(O)O2,IC50,'=',500.0,nM
CHEMBL4790675,,CC(=O)c1cc2c(o1)C(=O)C(Nc1ccccc1C)=CC2=O,IC50,'=',5550.0,nM
CHEMBL4750508,,O=C1CCC(N2C(=O)c3cccc(NCCCCCC4CCN(CCNC(=O)c5cc6c(o5)C(=O)c5ccccc5C6=O)CC4)c3C2=O)C(=O)N1,IC50,'=',900.0,nM
CHEMBL1344250,,Clc1ccc(C2=Nn3c(nnc3-c3cc(-c4ccccc4)[nH]n3)SC2)cc1,IC50,'=',9600.0,nM
CHEMBL4227152,,C=C(C)C(=O)N(Cc1ccc(Br)cc1)C(=O)/C=C/c1cc(OC)c(OC)c(OC)c1,IC50,'=',10000.0,nM
CHEMBL3628032,,C/C=C(\C)C(=O)OCC1=C2/C(=C\[C@@]3(C)CC[C@](O)(O3)[C@H](C)C[C@@H]2O)OC1=O,IC50,'=',2600.0,nM
CHEMBL4740526,,O=C1CCC(N2C(=O)c3cccc(NCCNC(=O)c4cc5c(o4)C(=O)c4ccccc4C5=O)c3C2=O)C(=O)N1,IC50,'=',15300.0,nM
CHEMBL4875020,,CC(C)(C)OC(=O)c1ccc(NC(=O)c2cccc(S(N)(=O)=O)c2)cc1,IC50,'=',920.0,nM
CHEMBL5207761,,O=C(c1ccc(-c2nc(-c3ccc(C(F)(F)F)cc3)no2)nc1)N1CCN(Cc2cccc(OCC(F)(F)F)c2)CC1,IC50,'=',802.5,nM
CHEMBL4878780,,CCC[C@H](C)Oc1ccc(C(=O)Nc2ccc3nc(SCC(=O)N[C@@H](C)c4ccccc4)sc3c2)cc1C,IC50,'=',1200.0,nM
CHEMBL4870080,,COc1ccc([C@H](C)NC(=O)COc2nc3ccc(NC(=O)c4ccc(OC)c(C)c4OC)cc3s2)cc1,IC50,'=',8860.0,nM
CHEMBL4846078,,CC(=O)C1=CC2C(=O)c3ccccc3C(=O)C2O1,IC50,'=',840.0,nM
CHEMBL4879356,,CCCC(C)Oc1ccc(C(=O)Nc2ccc3nc(SCC(=O)N[C@@H](C)c4ccccc4)sc3c2)cc1C,IC50,'=',950.0,nM
CHEMBL2380760,,NS(=O)(=O)c1cccc2c1C(=O)c1cccc(O)c1C2=O,IC50,'=',98.0,nM
CHEMBL4869871,,CCC[C@@H](C)Oc1ccc(C(=O)Nc2ccc3nc(SCC(=O)N[C@@H](C)c4ccccc4)sc3c2)cc1C,IC50,'=',900.0,nM
CHEMBL3581709,,C=C(C)C(=O)CC[C@](C)(O[C@@H]1O[C@H](CO[C@@H]2O[C@@H](C)[C@H](O)[C@@H](O)[C@H]2O)[C@@H](O)[C@H](O)[C@H]1O)[C@H]1CC[C@]2(C)[C@@H]1[C@H](O)C[C@@H]1[C@@]3(C)C[C@@H](O)[C@H](O[C@@H]4O[C@H](CO)[C@@H](O)[C@H](O)[C@H]4O[C@@H]4O[C@H](CO)[C@@H](O)[C@H](O)[C@H]4O)C(C)(C)[C@@H]3CC[C@]12C,IC50,'=',19200.0,nM
CHEMBL3827328,,COc1ccc(C2=Nn3c(nnc3-c3[nH]nc4c3CCC4)SC2)cc1,IC50,'=',17900.0,nM
CHEMBL4860361,,CC(C)(C)OC(=O)c1ccc(NC(=O)c2ccc(Cl)c(S(N)(=O)=O)c2)cc1,IC50,'=',230.0,nM
CHEMBL4754768,,O=C([C@H]1CCN1S(=O)(=O)c1c(F)c(F)c(F)c(F)c1F)N(Cc1ccc(C2CCCCC2)cn1)c1ccc2c(=O)[nH]ccc2c1,IC50,'=',790.0,nM
CHEMBL4873424,,CCCC(C)Oc1ccc(C(=O)Nc2ccc3nc(SCC(=O)N[C@@H](C)c4ccccc4)sc3c2)c(C)c1C,IC50,'=',460.0,nM
CHEMBL4790657,,[N-]=[N+]=Nc1ccc(C(=O)Nc2ncc([N+](=O)[O-])s2)cc1,IC50,'=',2500.0,nM
CHEMBL5189947,,O=C(c1cnc(-c2noc(-c3ccc(C(F)(F)F)cc3)n2)cn1)N1CCN(Cc2ccc(OCC(F)(F)F)cc2)CC1,IC50,'=',58.0,nM
CHEMBL4168135,,C[C@H]1C[C@H]2OC(=O)[C@@]34O[C@@H]3CC[C@@H]([C@]1(C)CCC1=CCOC1=O)[C@@]24C,IC50,'=',10270.0,nM
CHEMBL5276387,,COc1ccc(/C=C/C(C[C@H](O)CCc2ccc(OC)c(OC)c2)OC)cc1OC,IC50,'=',11100.0,nM
CHEMBL5275055,,O=C(O)c1ccc(N2C(=O)/C(=C/c3ccc([N+](=O)[O-])cc3)C=C2c2ccccc2)cc1,IC50,'=',20000.0,nM
CHEMBL4445234,,O=C1C(N[C@H](Cc2ccccc2)C(=O)Nc2ccc(C(F)(F)F)cc2)=C/C(=N/O)c2ccccc21,IC50,'=',640.0,nM
CHEMBL3600757,,COc1ccc(S(=O)(=O)Nc2ccccc2-c2ccc(C#N)c(F)c2)cc1,IC50,'=',200.0,nM
CHEMBL3218348,,O=C(Nc1nonc1-c1ccc(Cl)cc1)c1ccc(C(F)(F)F)cc1,IC50,'=',17700.0,nM
CHEMBL4163373,,COC(=O)C1=CO[C@@H](O[C@@H]2O[C@H](CO)[C@@H](O)[C@H](O)[C@H]2O[C@@H]2C[C@@H]3C(C(=O)OC)=CO[C@@H](O[C@@H]4O[C@H](CO)[C@@H](O)[C@H](O)[C@H]4O)[C@@H]3[C@H](C)O2)[C@@H]2[C@@H](C)[C@@H](O)C[C@H]12,IC50,'=',40500.0,nM
CHEMBL1528359,,CCOc1ccc2c(C)nc(NC3=NC(C)=CC(C)(C)N3)nc2c1,IC50,'=',20700.0,nM
CHEMBL3337620,,Cc1ccc2c(C)nc(Nc3nc(=O)cc(C)[nH]3)nc2c1,IC50,'=',19100.0,nM
CHEMBL4762052,,O=C([C@H]1CCN1S(=O)(=O)c1c(F)c(F)c(F)c(F)c1F)N(Cc1cnc(C2CCCCC2)cn1)c1cc2[nH]ncc2cc1F,IC50,'=',1420.0,nM
CHEMBL4784693,,O=C1CCC(N2C(=O)c3cccc(NCCOCCOCCOCCOCCOCCOCCNC(=O)c4cc5c(o4)C(=O)c4ccccc4C5=O)c3C2=O)C(=O)N1,IC50,'=',2500.0,nM
CHEMBL4763009,,O=C1CCC(N2Cc3c(NCCOCCOCCNC(=O)c4cc5c(o4)C(=O)c4ccccc4C5=O)cccc3C2=O)C(=O)N1,IC50,'=',10900.0,nM
CHEMBL4789066,,O=C1c2ccccc2C(=O)c2cc(S(=O)(=O)Nc3ccc(O)cc3)ccc21,IC50,'=',12500.0,nM
CHEMBL2429889,,Cc1ccc(S(=O)(=O)N(CC(=O)N(Cc2ccc(C3CCCCC3)cc2)c2ccc(C(=O)O)c(O)c2)Cc2cc(F)c(F)c(F)c2F)cc1,IC50,'=',22200.0,nM
CHEMBL3828475,,COc1ccc(C2=Nn3c(nnc3-c3cc(-c4ccccc4)n[nH]3)SC2)cc1,IC50,'=',3700.0,nM
CHEMBL3827273,,CC(C)C1Sc2nnc(-c3[nH]nc4c3CCC4)n2N=C1c1ccc(Cl)c(Cl)c1,IC50,'=',4400.0,nM
CHEMBL4872578,,CCCC(C)Oc1ccc(C(=O)Nc2ccc3nc(SCC(=O)N[C@@H](C)c4ccccc4)sc3c2)cc1Br,IC50,'=',2150.0,nM
CHEMBL4862807,,COc1ccc([C@H](C)NC(=O)CSc2nc3ccc(NC(=O)c4ccc(OCCN(C)C)c(C)c4OC)cc3s2)cc1,IC50,'=',520.0,nM
CHEMBL4858152,,COc1ccc([C@H](C)NC(=O)CNc2nc3ccc(NC(=O)c4ccc(OC)c(C)c4OC)cc3s2)cc1,IC50,'=',1490.0,nM
CHEMBL1241146,,Cc1cccc(C(=O)Nc2ncc([N+](=O)[O-])s2)c1O,IC50,'=',4600.0,nM
CHEMBL4746255,,O=C(Nc1ncc([N+](=O)[O-])s1)c1ccc(C(F)(F)F)cc1,IC50,'=',700.0,nM
CHEMBL4739963,,CC(C)C[C@H](NC(=O)[C@H](Cc1ccc(C(F)(F)P(=O)(O)O)cc1)NC(=O)CNC(=O)CCNC(=O)CCNC(=O)CC[C@@H]1NC(=O)[C@@H](CCCNC(=N)N)NC(=O)[C@H](CCCNC(=N)N)NC(=O)[C@@H](CCCNC(=N)N)NC(=O)[C@H](CCCNC(=N)N)NC(=O)[C@H](Cc2ccc3ccccc3c2)NC(=O)[C@@H](Cc2ccccc2)NC(=O)[C@H](Cc2ccccc2)NC1=O)C(=O)N1CCC[C@H]1C(=O)N[C@@H](CCC(N)=O)C(=O)N[C@H](C(=O)N[C@H](C(N)=O)C(C)C)[C@@H](C)O,IC50,'=',7100.0,nM
CHEMBL3696063,,O=C(Nc1ccc(C2CCCCC2)cc1)c1nc(-c2ccccc2)sc1Cc1ccc(OP(=O)(O)O)cc1,IC50,'=',775000.0,nM
CHEMBL2431924,,O=C(O)c1ccc(N(Cc2ccc(C3CCCCC3)cc2)C(=O)CN(Cc2cccc(Cl)c2)S(=O)(=O)c2c(F)c(F)c(F)c(F)c2F)cc1O,IC50,'=',18200.0,nM
CHEMBL2152455,,COC(=O)C1=CO[C@@H](O[C@@H]2O[C@H](CO)[C@@H](O)[C@H](O)[C@H]2O)[C@@H]2[C@H](C)O[C@H](O)C[C@H]12,IC50,'=',7000.0,nM
CHEMBL1668333,,CC(C)=CC(=O)C[C@H](C)c1ccc(C)cc1,IC50,'=',14210.0,nM
CHEMBL3600755,,COc1ccc(S(=O)(=O)Nc2ccccc2-c2ccc(F)c(F)c2)cc1,IC50,'=',2750.0,nM
CHEMBL2431949,,CCCN(CC(=O)N(Cc1ccc(C2CCCCC2)cc1)c1ccc(C(=O)O)c(O)c1)S(=O)(=O)c1c(F)c(F)c(F)c(F)c1F,IC50,'=',20600.0,nM
CHEMBL2431939,,Cc1ccc(S(=O)(=O)N(CC(=O)N(Cc2ccc(C3CCCCC3)cc2)c2ccc(C(=O)O)c(O)c2)Cc2c(F)cc(F)c(F)c2F)cc1,IC50,'=',15400.0,nM
CHEMBL2431968,,Cc1ccc(S(=O)(=O)N(CC(=O)N(Cc2ccc(C3CCCCC3)cc2)c2ccc(C(=O)O)c(O)c2)Cc2ccc(OC(F)(F)F)cc2)cc1,IC50,'=',11800.0,nM
CHEMBL2431991,,Cc1ccc(S(=O)(=O)N(CC(=O)N(Cc2ccc(C3CCCCC3)cc2)c2ccc(C(=O)O)c(O)c2)Cc2cccc(C)c2)cc1,IC50,'=',5200.0,nM
CHEMBL3581705,,C[C@@H]1O[C@@H](OC[C@H]2O[C@@H](O[C@@](C)(C/C=C/C(C)(C)O)[C@H]3CC[C@]4(C)[C@@H]3[C@H](O)C[C@@H]3[C@@]5(C)C[C@@H](O)[C@H](O[C@@H]6O[C@H](CO)[C@@H](O)[C@H](O)[C@H]6O)C(C)(C)[C@@H]5CC[C@]34C)[C@H](O)[C@@H](O)[C@@H]2O)[C@H](O)[C@H](O)[C@H]1O,IC50,'=',17100.0,nM
CHEMBL4864939,,CCCC(C)Oc1ccc(C(=O)Nc2ccc3nc(SCC(=O)N[C@@H](C)c4ccc(O)cc4)sc3c2)c(OC)c1C,IC50,'=',200.0,nM
CHEMBL4864495,,CCCC(C)Oc1ccc(C(=O)Nc2ccc3nc(SCC(=O)N[C@@H](C)c4ccccc4)sc3c2)c(OC)c1C,IC50,'=',160.0,nM
CHEMBL3696065,,COc1ccc(NC(=O)c2nc(-c3ccccc3)oc2Cc2ccc(OP(=O)(O)O)cc2)cc1,IC50,'=',90000.0,nM
CHEMBL3108909,,CN(CC(=O)N(Cc1ccc(C2CCCCC2)cc1)c1ccc(C(=O)O)cc1)S(=O)(=O)c1c(F)c(F)c(F)c(F)c1F,IC50,'=',3900.0,nM
CHEMBL5278293,,CC1=CC(=O)C(CCCCCC2=CC(=O)C(C)=CC2=O)=CC1=O,IC50,'=',3570.0,nM
CHEMBL3628691,,COc1cc(CNc2nn[nH]n2)cc(Cl)c1OCc1ccc([N+](=O)[O-])cc1,IC50,'=',25700.0,nM
CHEMBL5175861,,O=C(c1ccc(-c2nc(-c3ccc(C(F)(F)F)cc3)cs2)nc1)N1CCN(Cc2ccc(OCC(F)(F)F)cc2)CC1,IC50,'=',515.7,nM
CHEMBL4462450,,O=C1C(N[C@H](Cc2ccccc2)C(=O)Nc2cccc(C(F)(F)F)c2)=C/C(=N/O)c2ccccc21,IC50,'=',990.0,nM
CHEMBL4846651,,COc1ccc([C@H](C)NC(=O)CSc2nc3ccc(NC(=O)c4ccc(OC)c(C)c4OC)cc3s2)cc1,IC50,'=',120.0,nM
CHEMBL2171897,,CCCCCCNC(=O)c1nc(-c2cccc3ccccc23)sc1Cc1ccc(OP(=O)(O)O)cc1,IC50,'=',25000.0,nM
CHEMBL3337612,,C=CCc1c(C)[nH]c(Nc2nc(C)c3cc(C)cc(C)c3n2)nc1=O,IC50,'=',14300.0,nM
CHEMBL3337617,,CCOc1ccc2nc(Nc3nc(=O)c(Cc4ccccc4)c(C)[nH]3)nc(C)c2c1,IC50,'=',2700.0,nM
CHEMBL4853904,,COc1ccc([C@H](C)NC(=O)CSc2nc3ccc(NC(=O)c4ccc(OC(C)C)c(C)c4OC)cc3s2)cc1,IC50,'=',220.0,nM
CHEMBL3696062,,CCCCCCNC(=O)c1nc(-c2ccccc2)sc1Cc1ccc(OP(=O)(O)O)cc1,IC50,'=',150000.0,nM
CHEMBL4460408,,O=C(Nc1nc(N2CCOCC2)c2nc[nH]c2n1)c1ccccc1,IC50,'=',13020.0,nM
CHEMBL5196843,,O=C(/C=C/c1ccc(OC(F)(F)F)cc1)N1CCN(C(=O)c2ccc(-c3nc(-c4ccc(C(F)(F)F)cc4)no3)nc2)CC1,IC50,'=',172.7,nM
CHEMBL5189395,,N#Cc1ccc(CN2CCN(C(=O)c3ccc(-c4nc(-c5ccc(C(F)(F)F)cc5)no4)nc3)CC2)cc1,IC50,'=',476.9,nM
CHEMBL5199392,,O=C(c1ccc(-c2nc(-c3ccc(C(F)(F)F)cc3)no2)nc1)N1CCN(Cc2ccc(F)cc2)CC1,IC50,'=',304.0,nM
CHEMBL5190384,,O=C(c1ccc(-c2nc(-c3ccc(Cl)cc3)no2)nc1)N1CCN(Cc2ccc(OCC(F)(F)F)cc2)CC1,IC50,'=',270.5,nM
CHEMBL5199213,,Cn1c(C(=O)N2CCN(Cc3ccc(Cl)cc3)CC2)cc2ccc(Oc3cnc(-c4nc(-c5ccc(C(F)(F)F)cc5)no4)cn3)cc21,IC50,'=',649.2,nM
CHEMBL5170042,,CCn1c(C(=O)N2CCN(Cc3ccc(OCC(F)(F)F)cc3)CC2)cc2ccc(Oc3cnc(-c4nc(-c5ccc(C(F)(F)F)cc5)no4)cn3)cc21,IC50,'=',167.3,nM
CHEMBL4846365,,CCCC(C)Oc1ccc(C(=O)Nc2ccc3nc(SCC(=O)N[C@@H](C)c4ccc(OC)cc4)sc3c2)c(OC)c1C,IC50,'=',67.0,nM
CHEMBL4870012,,CCCC(C)Oc1ccc(C(=O)Nc2ccc3nc(SCC(=O)N[C@@H](C)c4ccccc4O)sc3c2)c(OC)c1C,IC50,'=',170.0,nM
CHEMBL4846514,,CCCC(C)Oc1ccc(C(=O)Nc2ccc3nc(SCC(=O)N[C@@H](C)c4ccccc4)sc3c2)c(Cl)c1,IC50,'=',1340.0,nM
CHEMBL5182844,,O=C(c1ccc(-c2nc(-c3ccc(C(F)(F)F)cc3)no2)nc1)N1CCN(Cc2ccc(OCC(F)(F)F)cc2)CC1,IC50,'=',37.4,nM
CHEMBL4878402,,COc1ccc([C@H](C)NC(=O)CSc2nc3ccc(NC(=O)c4ccc(OCCN5CCOCC5)c(C)c4OC)cc3s2)cc1,IC50,'=',240.0,nM
CHEMBL5191928,,CC(=O)Oc1ccc(CN2CCN(C(=O)c3ccc(-c4nc(-c5ccc(C(F)(F)F)cc5)no4)nc3)CC2)cc1,IC50,'=',305.6,nM
CHEMBL5189640,,O=C(c1ccc(-c2nc(-c3ccc(F)cc3)no2)nc1)N1CCN(Cc2ccc(OCC(F)(F)F)cc2)CC1,IC50,'=',123.3,nM
CHEMBL2105759,BARICITINIB,CCS(=O)(=O)N1CC(CC#N)(n2cc(-c3ncnc4[nH]ccc34)cn2)C1,IC50,'=',20.0,nM
CHEMBL4564280,,CN(C)C(=O)/C(C#N)=C/c1ccc(-c2nc3cnc4[nH]ccc4c3n2C2CCCCC2)o1,IC50,'=',1000.0,nM
CHEMBL3392776,C-188-9,COc1ccc(S(=O)(=O)Nc2cc(-c3c(O)ccc4ccccc34)c(O)c3ccccc23)cc1,IC50,'=',8300.0,nM
CHEMBL5279594,,Cc1ccc(S(=O)(=O)N(C)CC(=O)N(Cc2ccc(-c3ccccc3)cc2)c2ccc(C(=O)O)c(O)c2)cc1,IC50,'=',115000.0,nM
CHEMBL4764216,,O=C(NO)c1ccc(N(Cc2ccc(C3CCCC3)cc2)C(=O)[C@H]2CCN2S(=O)(=O)c2c(F)c(F)c(F)c(F)c2F)cc1,IC50,'=',2250.0,nM
CHEMBL4761979,,O=C([C@H]1CCN1S(=O)(=O)c1c(F)c(F)c(F)c(F)c1F)N(Cc1ccc(C2CCCCC2)cc1)c1ccc2nc[nH]c2c1,IC50,'=',2350.0,nM
CHEMBL5208462,,O=C(Cc1ccc(OC(F)(F)F)cc1)N1CCN(C(=O)c2ccc(-c3nc(-c4ccc(C(F)(F)F)cc4)no3)nc2)CC1,IC50,'=',358.9,nM
CHEMBL5199802,,O=C(c1ccc(-c2nc(-c3cccc(F)c3)no2)nc1)N1CCN(Cc2ccc(OCC(F)(F)F)cc2)CC1,IC50,'=',177.4,nM
CHEMBL4867390,,CCCC(C)Oc1ccc(C(=O)Nc2ccc3nc(SCC(=O)N[C@@H](C)c4ccccc4)sc3c2)c(C)c1,IC50,'=',2720.0,nM
CHEMBL4854985,,CCCC(C)Oc1ccc(C(=O)Nc2ccc3nc(SCC(=O)N[C@@H](C)c4ccccc4)sc3c2)c(OC)c1,IC50,'=',2200.0,nM
CHEMBL4860381,,COCCOc1ccc(C(=O)Nc2ccc3nc(SCC(=O)N[C@@H](C)c4ccc(OC)cc4)sc3c2)c(OC)c1C,IC50,'=',260.0,nM
CHEMBL4757551,,CC(C)C[C@H](NC(=O)[C@H](Cc1ccc(OP(=O)(O)O)cc1)NC(=O)CNC(=O)CCNC(=O)CCNC(=O)CC[C@@H]1NC(=O)[C@@H](CCCNC(=N)N)NC(=O)[C@H](CCCNC(=N)N)NC(=O)[C@@H](CCCNC(=N)N)NC(=O)[C@H](CCCNC(=N)N)NC(=O)[C@H](Cc2ccc3ccccc3c2)NC(=O)[C@@H](Cc2ccccc2)NC(=O)[C@H](Cc2ccccc2)NC1=O)C(=O)N1CCC[C@H]1C(=O)N[C@@H](CCC(N)=O)C(=O)N[C@H](C(=O)N[C@H](C(N)=O)C(C)C)[C@@H](C)O,IC50,'=',410.0,nM
CHEMBL4748862,,CC(=O)N[C@@H](Cc1ccc(OP(=O)(O)O)cc1)C(=O)O,IC50,'=',610.0,nM
CHEMBL4751861,,O=C(NO)c1ccc(N(Cc2ccc(C3CCCCC3)cc2)C(=O)[C@H]2CCN2S(=O)(=O)c2c(F)c(F)c(F)c(F)c2F)c(F)c1,IC50,'=',1750.0,nM
CHEMBL4782417,,O=C([C@H]1CCN1S(=O)(=O)c1c(F)c(F)c(F)c(F)c1F)N(Cc1cnc(C2CCCCC2)cn1)c1ccc2nn[nH]c2c1,IC50,'=',630.0,nM
CHEMBL5205645,,Cn1c(C(=O)N2CCN(Cc3ccc(OCC(F)(F)F)cc3)CC2)cc2ccc(Oc3cnc(-c4nc(-c5ccc(OC(F)(F)F)cc5)no4)cn3)cc21,IC50,'=',39.2,nM
CHEMBL5179803,,Cn1c(C(=O)N2CCN(CCc3ccccc3)CC2)cc2ccc(Oc3cnc(-c4nc(-c5ccc(C(F)(F)F)cc5)no4)cn3)cc21,IC50,'=',595.1,nM
CHEMBL5171007,,COc1cccc(-c2noc(-c3cnc(Oc4ccc5cc(C(=O)N6CCN(Cc7ccc(OCC(F)(F)F)cc7)CC6)n(C)c5c4)cn3)n2)c1,IC50,'=',19.8,nM
CHEMBL4297507,DELGOCITINIB,C[C@H]1CN(C(=O)CC#N)[C@]12CCN(c1ncnc3[nH]ccc13)C2,IC50,'=',18.0,nM
CHEMBL5279368,,COc1ccc(CC[C@H](O)C[C@@H](O)/C=C/c2cc(OC)c(OC)c(OC)c2)cc1OC,IC50,'=',37600.0,nM
CHEMBL5277569,,COc1ccc(/C=C/C(=O)c2ccc(NC(=O)CSc3nc(-c4ccc(OC)cc4)cc(-c4ccc([N+](=O)[O-])cc4)n3)cc2)cc1,IC50,'=',160000.0,nM
CHEMBL5182268,,O=C(c1ccc(-c2nc(-c3ccc(C(F)(F)F)cc3)no2)s1)N1CCN(Cc2ccc(OCC(F)(F)F)cc2)CC1,IC50,'=',167.3,nM
CHEMBL4850967,,COc1cc(NC(=O)c2ccc(Cl)c(S(N)(=O)=O)c2)cc(OC)c1OC,IC50,'=',720.0,nM
CHEMBL5266557,,Cc1ccc(S(=O)(=O)N(C)CC(=O)N(Cc2ccc(C(C)(C)C)cc2)c2ccc(C(=O)O)c(O)c2)cc1,IC50,'=',194000.0,nM
CHEMBL5201590,,Cn1c(C(=O)N2CCN(Cc3ccc(OC(F)(F)F)cc3)CC2)cc2ccc(Oc3cnc(-c4nc(-c5ccc(C(F)(F)F)cc5)no4)cn3)cc21,IC50,'=',76.1,nM
CHEMBL5271752,,CC(CO)C1OC(=O)C=C2C13OC3CC13COC(=O)C1(C)CC(O)CC23C,IC50,'=',200.0,nM
CHEMBL4799977,,O=C1CCC(N2C(=O)c3cccc(NCCCCCNC(=O)c4cc5c(o4)C(=O)c4ccccc4C5=O)c3C2=O)C(=O)N1,IC50,'=',4600.0,nM
CHEMBL5199713,,O=C(c1ccc(-c2nc(-c3ccc(C(F)(F)F)cc3)no2)nc1)N1CCN(Cc2ccc(Cl)cc2)CC1,IC50,'=',108.5,nM
CHEMBL5204672,,Cc1ccc(-c2noc(-c3ccc(C(=O)N4CCN(Cc5ccc(OCC(F)(F)F)cc5)CC4)cn3)n2)cc1,IC50,'=',257.5,nM
CHEMBL5183263,,O=C(c1ccc(-c2nc(-c3ccc(C(F)(F)F)cc3)co2)nc1)N1CCN(Cc2ccc(OCC(F)(F)F)cc2)CC1,IC50,'=',94.1,nM
CHEMBL5196490,,O=C(c1cccc(-c2nc(-c3ccc(C(F)(F)F)cc3)no2)c1)N1CCN(Cc2ccc(OCC(F)(F)F)cc2)CC1,IC50,'=',52.1,nM
CHEMBL5205208,,O=C(c1ccc(-c2nc(-c3ccc(C(F)(F)F)cc3)no2)nc1)N1CCN(Cc2cccc(OC(F)(F)F)c2)CC1,IC50,'=',325.4,nM
CHEMBL5175537,,COc1ccc(CN2CCN(C(=O)c3ccc(-c4nc(-c5ccc(C(F)(F)F)cc5)no4)nc3)CC2)cc1,IC50,'=',147.5,nM
CHEMBL5208052,,O=C(c1ccc(-c2nc(-c3ccc(C(F)(F)F)cc3)no2)nc1)N1CCN(Cc2ccc(Br)c(F)c2)CC1,IC50,'=',295.7,nM
CHEMBL5181349,,Cn1c(C(=O)N2CCN(Cc3ccc(Br)cc3)CC2)cc2ccc(Oc3cnc(-c4nc(-c5ccc(C(F)(F)F)cc5)no4)cn3)cc21,IC50,'=',835.5,nM
CHEMBL5184385,,O=C(c1cc2ccc(Oc3cnc(-c4nc(-c5ccc(C(F)(F)F)cc5)no4)cn3)cc2[nH]1)N1CCN(Cc2ccc(OCC(F)(F)F)cc2)CC1,IC50,'=',30.5,nM
CHEMBL5201151,,Cn1c(C(=O)N2CCN(Cc3ccc(OCC(F)(F)F)cc3)CC2)cc2ccc(Oc3cnc(-c4nc(-c5ccccc5F)no4)cn3)cc21,IC50,'=',13.1,nM
CHEMBL5276064,,CC(C)C[C@H](NC(=O)[C@H](Cc1ccc(OP(=O)(O)O)cc1)NC(=O)[C@@H]1CCCN1)C(=O)O,IC50,'=',182000.0,nM
CHEMBL5178622,,Cn1c(C(=O)N2CCN(Cc3ccc(OCC(F)(F)F)cc3)CC2)cc2ccc(Oc3cnc(-c4nc(-c5ccc(C(F)(F)F)cc5)no4)cn3)cc21,IC50,'=',22.3,nM
CHEMBL3108910,,CN(CC(=O)N(Cc1ccc(C2CCCCC2)cc1)c1ccc(C(=O)NO)cc1)S(=O)(=O)c1c(F)c(F)c(F)c(F)c1F,IC50,'=',4700.0,nM
CHEMBL5267904,,Clc1ccc(OCc2noc(C(Cl)(Cl)Cl)n2)c(Cl)c1,IC50,'=',7500.0,nM
CHEMBL5179525,,CCCn1c(C(=O)N2CCN(Cc3ccc(OCC(F)(F)F)cc3)CC2)cc2ccc(Oc3cnc(-c4nc(-c5ccc(C(F)(F)F)cc5)no4)cn3)cc21,IC50,'=',613.0,nM
CHEMBL5205634,,CC(C)C(=O)n1c(C(=O)N2CCN(Cc3ccc(OCC(F)(F)F)cc3)CC2)cc2ccc(Oc3cnc(-c4nc(-c5ccc(C(F)(F)F)cc5)no4)cn3)cc21,IC50,'=',337.2,nM
CHEMBL5175035,,COCCn1c(C(=O)N2CCN(Cc3ccc(OCC(F)(F)F)cc3)CC2)cc2ccc(Oc3cnc(-c4nc(-c5ccc(C(F)(F)F)cc5)no4)cn3)cc21,IC50,'=',39.9,nM
CHEMBL5177956,,COc1ccc(-c2noc(-c3cnc(Oc4ccc5cc(C(=O)N6CCN(Cc7ccc(OCC(F)(F)F)cc7)CC6)n(C)c5c4)cn3)n2)cc1,IC50,'=',5.3,nM
CHEMBL5201419,,Cn1c(C(=O)N2CCN(Cc3ccc(OCC(F)(F)F)cc3)CC2)cc2ccc(Oc3cnc(-c4nc(-c5ccc(Cl)cc5)no4)cn3)cc21,IC50,'=',35.7,nM
CHEMBL5209399,,Cn1c(C(=O)N2CCN(Cc3ccc(OCC(F)(F)F)cc3)CC2)cc2ccc(Oc3cnc(-c4nc(-c5cccc(F)c5)no4)cn3)cc21,IC50,'=',38.3,nM
CHEMBL5200170,,COc1ccccc1-c1noc(-c2cnc(Oc3ccc4cc(C(=O)N5CCN(Cc6ccc(OCC(F)(F)F)cc6)CC5)n(C)c4c3)cn2)n1,IC50,'=',45.5,nM
CHEMBL482608,,COc1cc(/C=C/C(=O)CC(=O)CC(O)c2ccc(O)c(OC)c2)ccc1O,IC50,'=',21500.0,nM
CHEMBL4754316,,CN1C(=O)CCC(N2C(=O)c3cccc(NCCCCCC4CCN(CCNC(=O)c5cc6c(o5)C(=O)c5ccccc5C6=O)CC4)c3C2=O)C1=O,IC50,'=',1700.0,nM
CHEMBL4791146,,O=C(NO)c1ccc(N(Cc2ccc(C3CCOCC3)cc2)C(=O)[C@H]2CCN2S(=O)(=O)c2c(F)c(F)c(F)c(F)c2F)cc1,IC50,'=',2920.0,nM
CHEMBL4747080,,O=C(NO)c1ccc(N(Cc2ccc(C3CCCCC3)cc2)C(=O)[C@H]2CCN2S(=O)(=O)c2c(F)c(F)c(F)c(F)c2F)cc1O,IC50,'=',1320.0,nM
CHEMBL5186501,,O=C(c1ccc(-c2nc(-c3ccc(C(F)(F)F)cc3)no2)nc1)N1CCN(Cc2ccc(Br)cc2F)CC1,IC50,'=',564.0,nM
CHEMBL5176684,,O=C(c1ccc(-c2noc(-c3ccc(C(F)(F)F)cc3)n2)cc1)N1CCN(Cc2ccc(OCC(F)(F)F)cc2)CC1,IC50,'=',27.8,nM
CHEMBL5182625,,O=C(c1ccc(-c2nc(-c3ccc(C(F)(F)F)cc3)no2)nc1)N1CCN(Cc2ccc(OC(F)(F)F)cc2)CC1,IC50,'=',63.6,nM
CHEMBL5189435,,CS(=O)(=O)c1ccc(CN2CCN(C(=O)c3ccc(-c4nc(-c5ccc(C(F)(F)F)cc5)no4)nc3)CC2)cc1,IC50,'=',272.9,nM
CHEMBL5189774,,O=C(c1ccc(-c2nc(-c3ccc(Br)cc3)no2)nc1)N1CCN(Cc2ccc(OCC(F)(F)F)cc2)CC1,IC50,'=',93.2,nM
CHEMBL5170615,,O=C(c1ccc(-c2nc(-c3ccc(OC(F)(F)F)cc3)no2)nc1)N1CCN(Cc2ccc(OCC(F)(F)F)cc2)CC1,IC50,'=',60.2,nM
CHEMBL5189465,,COc1ccc(-c2noc(-c3ccc(C(=O)N4CCN(Cc5ccc(OCC(F)(F)F)cc5)CC4)cn3)n2)cc1,IC50,'=',113.3,nM
CHEMBL5199234,,O=C(c1ccc(-c2nc(-c3ccc(C(F)(F)F)c(F)c3)no2)nc1)N1CCN(Cc2ccc(OCC(F)(F)F)cc2)CC1,IC50,'=',40.2,nM
CHEMBL5290249,,COc1ccc(/C=C/[C@H](O)C[C@@H](O)CCc2ccc(OC)c(OC)c2)cc1OC,IC50,'=',19900.0,nM
CHEMBL5176872,,COc1ccc(CN2CCN(C(=O)c3cc4ccc(Oc5cnc(-c6nc(-c7ccc(C(F)(F)F)cc7)no6)cn5)cc4n3C)CC2)cc1F,IC50,'=',133.7,nM
CHEMBL3823609,,C[C@@H]1C=C2C(=O)O[C@@H]3CC[C@H](C1)[C@]23O,IC50,'=',250.0,nM
CHEMBL465203,,COc1ccc(CC[C@@H](O)C[C@H](O)CCc2ccc(OC)c(OC)c2)cc1OC,IC50,'=',50000.0,nM
CHEMBL5186045,,CN1CCN(C(=O)c2ccc(-c3nc(-c4ccc(C(F)(F)F)cc4)no3)nc2)CC1,IC50,'=',2792.1,nM
CHEMBL5208945,,CCN1CCN(C(=O)c2cc3ccc(Oc4cnc(-c5nc(-c6ccc(C(F)(F)F)cc6)no5)cn4)cc3n2C)CC1,IC50,'=',1110.5,nM
CHEMBL5204997,,O=C(c1ccc(-c2nc(-c3cccc(C(F)(F)F)c3)no2)nc1)N1CCN(Cc2ccc(OCC(F)(F)F)cc2)CC1,IC50,'=',129.7,nM
CHEMBL5209107,,Cn1c(C(=O)N2CCN(Cc3ccc(OCC(F)(F)F)cc3)CC2)cc2ccc(Oc3cnc(-c4nc(-c5ccc(F)cc5)no4)cn3)cc21,IC50,'=',5.9,nM
CHEMBL5270588,,COC(=O)[C@@]12O[C@]34[C@H]([C@@H](O)[C@@H]1O)[C@@]1(C)CC(=O)C(O)=C(C)[C@@H]1C[C@H]3OC(=O)[C@H](OC(=O)/C=C(\C)C(C)(C)OC(C)=O)[C@@H]24,IC50,'=',0.0024,nM
CHEMBL4779722,,O=C1CCC(N2C(=O)c3ccc(NCCOCCOCCNC(=O)c4cc5c(o4)C(=O)c4ccccc4C5=O)cc3C2=O)C(=O)N1,IC50,'=',3400.0,nM
CHEMBL5200334,,O=C(c1ccc(-c2cn(-c3ccc(C(F)(F)F)cc3)nn2)nc1)N1CCN(Cc2ccc(OCC(F)(F)F)cc2)CC1,IC50,'=',112.7,nM
CHEMBL5291402,,COc1ccc(/C=C/[C@@H](C[C@@H](O)CCc2ccc(OC)c(OC)c2)OC)cc1OC,IC50,'=',12900.0,nM
CHEMBL5169762,,Cn1c(C(=O)N2CCN(Cc3ccc(OCC(F)(F)F)cc3)CC2)cc2ccc(Oc3cnc(-c4nc(-c5ccccc5)no4)cn3)cc21,IC50,'=',216.5,nM
CHEMBL5279856,,CCCC[C@H](NC(=O)COCCOCCOCCNC(=O)c1cccc(S(=O)(=O)Nc2cc3c(cc2Oc2cccc(OCCC)c2)n(C)c(=O)n3C)c1)C(=O)N1C[C@H](O)C[C@H]1C(=O)NCc1ccc(-c2scnc2C)cc1,IC50,'=',35.0,nM
CHEMBL4562495,,C/C(=N\NC(=O)c1cccs1)c1ccc(O)cc1O,IC50,'=',7990.0,nM
